-- phpMyAdmin SQL Dump
-- version 5.2.1
-- https://www.phpmyadmin.net/
--
-- Host: 127.0.0.1
-- Generation Time: Wrz 13, 2025 at 11:28 PM
-- Wersja serwera: 10.4.32-MariaDB
-- Wersja PHP: 8.2.12

SET SQL_MODE = "NO_AUTO_VALUE_ON_ZERO";
START TRANSACTION;
SET time_zone = "+00:00";


/*!40101 SET @OLD_CHARACTER_SET_CLIENT=@@CHARACTER_SET_CLIENT */;
/*!40101 SET @OLD_CHARACTER_SET_RESULTS=@@CHARACTER_SET_RESULTS */;
/*!40101 SET @OLD_COLLATION_CONNECTION=@@COLLATION_CONNECTION */;
/*!40101 SET NAMES utf8mb4 */;

--
-- Database: `rozklad`
--

-- --------------------------------------------------------

--
-- Struktura tabeli dla tabeli `odcinki`
--

CREATE TABLE `odcinki` (
  `id_odcinka` int(11) NOT NULL,
  `id_stacji_A` int(11) NOT NULL,
  `id_stacji_B` int(11) NOT NULL,
  `czas_przejazdu` time NOT NULL,
  `predkosc_max` varchar(50) DEFAULT NULL
) ENGINE=InnoDB DEFAULT CHARSET=utf8mb4 COLLATE=utf8mb4_polish_ci;

--
-- Dumping data for table `odcinki`
--

INSERT INTO `odcinki` (`id_odcinka`, `id_stacji_A`, `id_stacji_B`, `czas_przejazdu`, `predkosc_max`) VALUES
(1, 1, 2, '00:00:45', '60'),
(2, 2, 1, '00:00:45', '60'),
(3, 2, 3, '00:00:45', '60'),
(4, 3, 2, '00:00:45', '120'),
(5, 3, 4, '00:01:00', '120'),
(6, 4, 3, '00:01:00', '120'),
(7, 4, 5, '00:02:00', '120'),
(8, 5, 4, '00:03:00', '120'),
(9, 5, 6, '00:00:30', '80'),
(10, 6, 5, '00:01:00', '80'),
(11, 6, 7, '00:01:30', '80'),
(12, 7, 6, '00:01:30', '80'),
(13, 7, 8, '00:01:15', '120'),
(14, 8, 7, '00:01:00', '120'),
(15, 8, 9, '00:01:00', '120'),
(16, 9, 8, '00:01:15', '120'),
(17, 9, 10, '00:01:00', '120'),
(18, 10, 9, '00:01:00', '120'),
(19, 10, 11, '00:01:00', '120'),
(20, 11, 10, '00:01:00', '120'),
(21, 11, 12, '00:01:15', '120'),
(22, 12, 11, '00:01:15', '120'),
(23, 12, 13, '00:01:00', '120'),
(24, 13, 12, '00:01:00', '120'),
(25, 13, 14, '00:01:45', '120'),
(26, 14, 13, '00:01:45', '120'),
(27, 14, 15, '00:02:15', '120'),
(28, 15, 14, '00:02:15', '120'),
(29, 14, 50, '00:02:15', '80'),
(30, 50, 14, '00:02:15', '80'),
(31, 15, 16, '00:02:30', '120'),
(32, 16, 15, '00:02:30', '120'),
(33, 16, 17, '00:01:30', '120'),
(34, 17, 16, '00:02:00', '120'),
(35, 17, 18, '00:02:15', '130'),
(36, 18, 17, '00:02:15', '130'),
(37, 18, 19, '00:01:15', '40 <br> 130'),
(38, 19, 18, '00:01:15', '130 <br> 40'),
(39, 19, 20, '00:01:15', '130'),
(40, 20, 19, '00:01:15', '130'),
(41, 20, 21, '00:01:15', '130'),
(42, 21, 20, '00:01:15', '130'),
(43, 21, 22, '00:01:30', '120'),
(44, 22, 21, '00:01:30', '120'),
(45, 22, 23, '00:01:00', '120'),
(46, 23, 22, '00:01:00', '120'),
(47, 23, 24, '00:01:00', '120'),
(48, 24, 23, '00:01:00', '120'),
(49, 24, 25, '00:01:15', '100'),
(50, 25, 24, '00:01:15', '100'),
(51, 24, 35, '00:03:00', '60'),
(52, 35, 24, '00:03:00', '60'),
(53, 25, 26, '00:02:45', '100'),
(54, 26, 25, '00:03:00', '100'),
(55, 26, 27, '00:02:00', '100'),
(56, 27, 26, '00:02:00', '100'),
(57, 27, 28, '00:02:45', '50'),
(58, 28, 27, '00:01:45', '50'),
(59, 28, 56, '00:01:15', '60'),
(60, 56, 28, '00:01:15', '60'),
(61, 29, 30, '00:02:00', '100'),
(62, 30, 29, '00:02:00', '100'),
(63, 30, 31, '00:02:00', '120'),
(64, 31, 30, '00:02:00', '100'),
(65, 31, 32, '00:01:15', '100'),
(66, 32, 31, '00:01:15', '120'),
(67, 32, 26, '00:01:30', '100'),
(68, 26, 32, '00:01:30', '100'),
(71, 25, 35, '00:01:00', '120'),
(72, 35, 25, '00:01:00', '130'),
(73, 35, 55, '00:00:45', '130'),
(74, 55, 35, '00:00:45', '160'),
(75, 36, 37, '00:01:30', '160'),
(76, 37, 36, '00:01:30', '160'),
(77, 36, 55, '00:00:45', '160'),
(78, 55, 36, '00:00:45', '160'),
(79, 37, 38, '00:01:15', '160'),
(80, 38, 37, '00:01:15', '160'),
(81, 38, 39, '00:01:00', '160'),
(82, 39, 38, '00:00:45', '160'),
(83, 39, 40, '00:01:15', '160'),
(84, 40, 39, '00:01:15', '160'),
(85, 40, 41, '00:02:00', '160'),
(86, 41, 40, '00:02:00', '160'),
(87, 41, 42, '00:01:45', '160'),
(88, 42, 41, '00:01:45', '160'),
(89, 42, 43, '00:01:15', '160'),
(90, 43, 42, '00:01:15', '160'),
(91, 43, 44, '00:01:00', '160'),
(92, 44, 43, '00:01:00', '160'),
(93, 44, 45, '00:01:30', '160'),
(94, 45, 44, '00:01:30', '160'),
(95, 45, 46, '00:01:15', '160'),
(96, 46, 45, '00:01:15', '160'),
(97, 46, 47, '00:01:15', '160'),
(98, 47, 46, '00:01:15', '160'),
(99, 47, 48, '00:01:30', '160'),
(100, 48, 47, '00:01:30', '160'),
(101, 48, 49, '00:01:30', '160'),
(102, 49, 48, '00:01:30', '160'),
(103, 49, 54, '00:01:30', '160'),
(104, 54, 49, '00:01:30', '160'),
(105, 50, 51, '00:01:15', '80'),
(106, 51, 50, '00:01:15', '80'),
(107, 51, 52, '00:01:45', '60'),
(108, 52, 51, '00:01:45', '60'),
(109, 52, 53, '00:02:30', '60'),
(110, 53, 52, '00:02:30', '60'),
(111, 54, 57, '00:02:15', '160'),
(112, 57, 54, '00:02:15', '160'),
(113, 56, 29, '00:02:15', '30'),
(114, 29, 56, '00:02:15', '30'),
(115, 57, 58, '00:01:15', '160'),
(116, 58, 57, '00:01:15', '160'),
(117, 58, 59, '00:01:15', '160'),
(118, 59, 58, '00:01:15', '160'),
(119, 59, 60, '00:01:45', '160'),
(120, 60, 59, '00:01:45', '160'),
(121, 60, 61, '00:03:00', '160 <br> 100 <br> 120 <br> 100'),
(122, 61, 60, '00:03:00', '100 <br> 120 <br> 100 <br> 160'),
(123, 61, 62, '00:00:00', '100 <br> 160 '),
(124, 62, 61, '00:03:00', '160 <br> 100 '),
(125, 35, 36, '00:00:00', '0'),
(126, 36, 35, '00:00:00', '0'),
(127, 36, 36, '00:00:00', '0'),
(129, 49, 62, '00:00:00', '0'),
(130, 62, 49, '00:00:00', '0'),
(131, 28, 63, '00:03:00', '120'),
(132, 63, 28, '00:03:00', '120'),
(133, 26, 63, '00:03:00', '100'),
(134, 63, 26, '00:03:00', '100');

-- --------------------------------------------------------

--
-- Struktura tabeli dla tabeli `ostrzezenia`
--

CREATE TABLE `ostrzezenia` (
  `id_ostrzezenia` int(11) NOT NULL,
  `data_waznosci_od` date NOT NULL,
  `do_odwolania` tinyint(1) NOT NULL DEFAULT 0,
  `data_waznosci_do` date DEFAULT NULL,
  `miejsce_opis` varchar(255) NOT NULL COMMENT 'Np. szlak, stacja, linia',
  `nr_toru` varchar(10) DEFAULT NULL,
  `km_poczatek` varchar(20) DEFAULT NULL,
  `km_koniec` varchar(20) DEFAULT NULL,
  `predkosc_max` int(11) NOT NULL,
  `powod` text DEFAULT NULL,
  `uwagi` text DEFAULT NULL
) ENGINE=InnoDB DEFAULT CHARSET=utf8mb4 COLLATE=utf8mb4_polish_ci;

--
-- Dumping data for table `ostrzezenia`
--

INSERT INTO `ostrzezenia` (`id_ostrzezenia`, `data_waznosci_od`, `do_odwolania`, `data_waznosci_do`, `miejsce_opis`, `nr_toru`, `km_poczatek`, `km_koniec`, `predkosc_max`, `powod`, `uwagi`) VALUES
(1, '2025-07-12', 1, NULL, 'Kliniska', '2', '11,321', '11,331', 80, 'pogorszenie stan\r\nnawierzchni na\r\nprzejeździe', '*) Nowe!'),
(2, '2025-07-12', 1, NULL, 'Rurka - Goleniów', '1,2', '19,173', '19,177', 50, 'tymczasowe\r\ndojście do peronu', '*)'),
(3, '2025-07-12', 1, NULL, 'Warnowo - Lubiewo', '1,2', '85,440', '85,850', 60, 'odległości strefy\r\nbezpieczeństwa na\r\nperonie p.o.\r\nMiędzyzdroje', ''),
(4, '2025-07-12', 1, NULL, 'Lubiewo', '1,2', '89,716', '89,726 ', 80, 'tymczasowy\r\nprzejazd kat. F', '*)'),
(5, '2025-07-12', 1, NULL, 'Lubiewo - Świnoujście SIA', '1,2', '92,063 ', '92,073', 120, 'tymczasowy\r\nprzejazd kat. F ', '*)'),
(6, '2025-07-12', 1, NULL, 'Lubiewo - Świnoujście SIA ', '1,2', '93,174 ', '93,184 ', 120, 'tymczasowy\r\nprzejazd kat. F ', '*)'),
(7, '2025-07-12', 1, NULL, 'Szczecin Dąbie', '4', '-0,570 ', '0,670 ', 40, '-', 'Vd) Linia 428'),
(8, '2025-07-12', 1, NULL, 'Szczecin Port Centralny - Szczecin Główny', '2', '355,343', '355,743', 30, 'ograniczona\r\nwidoczność\r\nsemafora ', '*)\r\nzasłonięty\r\nsemafor\r\nwjazdowy W2'),
(9, '2025-07-12', 1, NULL, 'Mosty', '1', '135,898', '135,898', 60, 'wskaźnik W 6b\ndotyczący\nprzejazdu kat. \"F\"\nw km 0,538 linii\n434 ', '*)\r\ndotyczy jazdy\r\nw kierunku\r\nparzystym'),
(10, '2025-07-12', 1, NULL, 'Mosty - Goleniów', '1', '140,317', '140,650', 60, 'ograniczona\nwidoczność czoła\npociągu ', '');

-- --------------------------------------------------------

--
-- Struktura tabeli dla tabeli `postoje`
--

CREATE TABLE `postoje` (
  `id_postoj` int(11) NOT NULL,
  `typ_postoj` text NOT NULL,
  `opis postoju` text NOT NULL
) ENGINE=InnoDB DEFAULT CHARSET=utf8mb4 COLLATE=utf8mb4_polish_ci;

--
-- Dumping data for table `postoje`
--

INSERT INTO `postoje` (`id_postoj`, `typ_postoj`, `opis postoju`) VALUES
(1, 'ph', 'postój handlowy - obsługa pasażera'),
(2, 'pn', 'postój niehandlowy - tylko dla potrzeb przewoźnika'),
(3, 'zp', 'zatrzymuje się w razie potrzeby'),
(4, 'pm', 'praca manewrowa'),
(5, 'pt', 'postój tylko dla potrzeb technicznych'),
(6, 'zd', 'zmiana drużyny');

-- --------------------------------------------------------

--
-- Struktura tabeli dla tabeli `przejazdy`
--

CREATE TABLE `przejazdy` (
  `id_przejazdu` int(11) NOT NULL,
  `id_trasy` int(11) NOT NULL,
  `numer_pociagu` varchar(20) NOT NULL,
  `id_typu_pociagu` int(11) DEFAULT NULL,
  `nazwa_pociagu` varchar(100) DEFAULT NULL,
  `daty_kursowania` varchar(255) DEFAULT NULL,
  `dni_kursowania` varchar(255) DEFAULT NULL,
  `symbole` varchar(255) DEFAULT NULL,
  `data_utworzenia` timestamp NOT NULL DEFAULT current_timestamp()
) ENGINE=InnoDB DEFAULT CHARSET=utf8mb4 COLLATE=utf8mb4_polish_ci;

--
-- Dumping data for table `przejazdy`
--

INSERT INTO `przejazdy` (`id_przejazdu`, `id_trasy`, `numer_pociagu`, `id_typu_pociagu`, `nazwa_pociagu`, `daty_kursowania`, `dni_kursowania`, `symbole`, `data_utworzenia`) VALUES
(4, 3, '88888', 6, '', ' ', ' ', NULL, '2025-07-11 16:20:46'),
(6, 10, '1801', 4, '', ' ', ' ', 'klasa_2,rezerwacja,wozek_rampa,restauracyjny,automat,wifi,klima,przewijak,duzy_bagaz', '2025-07-11 16:37:36'),
(7, 7, '87400', 7, 'MEDUZA', '', '', 'klasa_2,rower,wozek_bez_rampy,wifi,klima,przewijak,duzy_bagaz', '2025-07-12 10:06:16'),
(9, 18, '87888', 7, '', '', '', 'klasa_2,rower,wozek_bez_rampy,wifi,klima,przewijak,duzy_bagaz', '2025-07-13 06:18:06'),
(10, 9, '87110', 7, 'ORKAN', '', '6-7', 'klasa_2,rower,wozek_rampa,wifi,klima,przewijak,duzy_bagaz', '2025-08-01 18:03:01'),
(11, 1, '88758', 6, 'WIATRAK', '', '', 'klasa_2,rower,wozek_bez_rampy,wifi,klima,przewijak,duzy_bagaz', '2025-08-21 21:54:10'),
(12, 20, '80170', 7, 'MERKURY', '', '', 'klasa_2,rower,wozek_rampa,wifi,klima,przewijak,duzy_bagaz', '2025-08-21 23:45:47'),
(13, 20, '80172', 7, 'MERKURY', '', '', 'klasa_2,rower,wozek_rampa,wifi,klima,przewijak,duzy_bagaz', '2025-08-21 23:46:18'),
(14, 14, '80172', 6, '', '', '', 'klasa_2,rower,wozek_rampa,wifi,klima,przewijak,duzy_bagaz', '2025-08-22 00:24:19'),
(15, 21, '78401', 7, 'ORKAN', '', '5-7', 'klasa_2,rower,wozek_rampa,wifi,klima,przewijak,duzy_bagaz', '2025-08-22 18:02:00'),
(16, 21, '78401', 7, 'ORKAN', '', '5-7', 'klasa_2,rower,wozek_rampa,wifi,klima,przewijak,duzy_bagaz', '2025-08-22 18:24:00'),
(17, 22, '88740', 6, 'WIATRAK', '', '', 'klasa_2,rower,wozek_rampa,wifi,klima,przewijak,duzy_bagaz', '2025-08-22 19:13:09'),
(18, 23, '80745', 6, '', '', '', 'klasa_2,rower,wozek_bez_rampy,wifi,klima,przewijak,duzy_bagaz', '2025-08-22 20:23:10'),
(19, 25, '87120', 7, 'KRZYŻAK', '', '6-7', 'klasa_2,rower,wozek_rampa,wifi,klima,przewijak,duzy_bagaz', '2025-08-23 16:42:01'),
(20, 26, '87110', 7, 'POZNANIAK SPEED', '', '', 'klasa_2,rower,wozek_rampa,wifi,klima,przewijak,duzy_bagaz', '2025-08-25 15:52:07'),
(21, 27, '87128', 7, 'MERKURY BIS', '', '', 'klasa_2,rower,wozek_bez_rampy,wifi,klima,przewijak,duzy_bagaz', '2025-08-27 18:53:09'),
(22, 28, '78305', 6, '', '', '', 'klasa_2,rower,wozek_bez_rampy,wifi,klima,duzy_bagaz', '2025-08-29 09:21:03'),
(23, 27, '78100', 2, 'WIELKOPOLANIN', '', '', 'klasa_2,rower,rezerwacja,wozek_rampa,bar,automat,wifi,klima,przewijak,duzy_bagaz', '2025-08-29 10:51:45'),
(24, 29, '38193', 1, 'PODHALANIN', '', '', 'klasa_1,klasa_2,rower,rezerwacja,wozek_rampa,restauracyjny,automat,wifi,klima,przewijak,duzy_bagaz', '2025-08-29 17:23:36'),
(25, 25, '87101', 3, 'BŁĘKITNA FALA', '', '', 'klasa_1,klasa_2,rower,rezerwacja,wozek_rampa,bar,restauracyjny,wifi,klima,przewijak,duzy_bagaz', '2025-09-11 15:36:07');

-- --------------------------------------------------------

--
-- Struktura tabeli dla tabeli `przewoznicy`
--

CREATE TABLE `przewoznicy` (
  `id_przewoznika` int(11) NOT NULL,
  `skrot` varchar(10) NOT NULL,
  `pelna_nazwa` varchar(255) NOT NULL
) ENGINE=InnoDB DEFAULT CHARSET=utf8mb4 COLLATE=utf8mb4_polish_ci;

--
-- Dumping data for table `przewoznicy`
--

INSERT INTO `przewoznicy` (`id_przewoznika`, `skrot`, `pelna_nazwa`) VALUES
(1, 'IC', '„PKP Intercity” Spółka Akcyjna'),
(2, 'PR', 'POLREGIO S.A.'),
(3, 'KD', 'Koleje Dolnośląskie S.A.');

-- --------------------------------------------------------

--
-- Struktura tabeli dla tabeli `stacje`
--

CREATE TABLE `stacje` (
  `id_stacji` int(11) NOT NULL,
  `nazwa_stacji` varchar(255) DEFAULT NULL,
  `typ_stacji_id` int(11) DEFAULT NULL,
  `uwagi` text DEFAULT NULL,
  `linia_kolejowa` text DEFAULT NULL
) ENGINE=InnoDB DEFAULT CHARSET=utf8mb4 COLLATE=utf8mb4_polish_ci;

--
-- Dumping data for table `stacje`
--

INSERT INTO `stacje` (`id_stacji`, `nazwa_stacji`, `typ_stacji_id`, `uwagi`, `linia_kolejowa`) VALUES
(1, 'Świnoujście Port', 2, 'R1', '401'),
(2, 'Świnoujście', 1, 'R1 H PP', '401'),
(3, 'Świnoujście Warszów', 2, 'R1', '401'),
(4, 'Świnoujście Przytór', 2, 'R1', '401'),
(5, 'Lubiewo', 1, 'R1 H PP', '401'),
(6, 'Międzyzdroje', 2, 'R1', '401'),
(7, 'Warnowo', 1, 'R1 H PP', '401'),
(8, 'Ładzin', 2, 'R1', '401'),
(9, 'Mokrzyca Wielka', 2, 'R1 H PP', '401'),
(10, 'Wolin', 2, 'R1', '401'),
(11, 'Recław', 1, 'R1 H PP', '401'),
(12, 'Troszyn', 1, 'R1 H PP', '401'),
(13, 'Parłówko', 1, 'R1 H PP', '401'),
(14, 'Wysoka Kamieńska', 1, 'R1 H PP', '401'),
(15, 'Rokita', 1, 'R1 H PP', '401'),
(16, 'Łoźnica', 1, 'R1 H', '401'),
(17, 'Białuń', 1, 'R6  H PP', '401'),
(18, 'Goleniów', 1, 'R1 R3  H PP', '401'),
(19, 'Goleniów Park Przemysłowy', 2, 'R1', '401'),
(20, 'Rurka', 1, 'R3 H PP', '401'),
(21, 'Kliniska', 1, 'R3 UZS  H PP', '401'),
(22, 'Szczecin Załom', 2, 'R1', '401'),
(23, 'Szczecin Trzebusz', 2, 'R1', '401'),
(24, 'Szczecin Dąbie SDC', 3, 'R3 H PP', '401'),
(25, 'Szczecin Dąbie', 1, 'R3 H PP', '401'),
(26, 'Szczecin Zdroje', 1, 'R6 H PP', '351'),
(27, 'Regalica', 3, 'R6 H PP', '855'),
(28, 'Szczecin Port Centralny', 1, 'R6 H PP', '273'),
(29, 'Szczecin Główny', 1, 'R6 H PP', '351'),
(30, 'Szczecin Wstowo', 3, 'R6 H PP', '351'),
(31, 'Dziewoklicz', 3, 'R6 H PP', '351'),
(32, 'Regalica', 3, 'R6 H PP', '351'),
(35, 'Szczecin Dąbie SDA', 3, 'R6 H PP', '351'),
(36, 'Szczecin Zdunowo', 2, 'R6', '351'),
(37, 'Reptowo', 1, 'R6 H PP', '351'),
(38, 'Miedwiecko', 2, 'R6', '351'),
(39, 'Grzędzice', 2, 'R6', '351'),
(40, 'Stargard', 1, 'R6 H PP', '351'),
(41, 'Witkowo', 2, 'R6', '351'),
(42, 'Kolin', 1, 'R6 H PP', '351'),
(43, 'Morzyca', 2, 'R6', '351'),
(44, 'Dolice', 1, 'R6 H PP', '351'),
(45, 'Ziemomyśl', 2, 'R6', '351'),
(46, 'Choszczno', 1, 'R6 H PP', '351'),
(47, 'Stary Klukom', 2, 'R6', '351'),
(48, 'Słonice', 1, 'R6 H PP', '351'),
(49, 'Rębusz', 2, 'R6', '351'),
(50, 'Stawno', 2, 'R1', '407'),
(51, 'Górki Pomorskie', 2, 'R1', '407'),
(52, 'Jarszewo', 2, 'R1', '407'),
(53, 'Kamień Pomorski', 1, 'R1 H PP', '407'),
(54, 'Bierzwnik', 1, 'R6 H PP', '351'),
(55, 'Szczecin Dunikowo', 2, 'R6', '351'),
(56, 'Szczecin Łasztownia', 2, 'R6', '273'),
(57, 'Dobiegniew', 1, 'R6 H PP', '351'),
(58, 'Mierzęcin', 2, 'R6', '351'),
(59, 'Podlesiec', 1, 'R6 H PP', '351'),
(60, 'Drawiny', 2, 'R6', '351'),
(61, 'Krzyż', 1, 'R6 H PP', '351'),
(62, 'Drawski Młyn', 1, 'R1 H PP', '351'),
(63, 'Szczecin Podjuchy', 1, 'R1 H PP', '251');

-- --------------------------------------------------------

--
-- Struktura tabeli dla tabeli `stacje_na_trasie`
--

CREATE TABLE `stacje_na_trasie` (
  `id` int(11) NOT NULL,
  `kolejnosc` int(11) NOT NULL,
  `id_trasy` int(11) DEFAULT NULL,
  `id_stacji` int(11) DEFAULT NULL
) ENGINE=InnoDB DEFAULT CHARSET=utf8mb4 COLLATE=utf8mb4_polish_ci;

--
-- Dumping data for table `stacje_na_trasie`
--

INSERT INTO `stacje_na_trasie` (`id`, `kolejnosc`, `id_trasy`, `id_stacji`) VALUES
(1, 1, 1, 1),
(2, 2, 1, 2),
(3, 3, 1, 3),
(4, 4, 1, 4),
(5, 5, 1, 5),
(6, 6, 1, 6),
(7, 7, 1, 7),
(8, 8, 1, 8),
(9, 9, 1, 9),
(10, 10, 1, 10),
(11, 11, 1, 11),
(12, 12, 1, 12),
(13, 13, 1, 13),
(14, 14, 1, 14),
(15, 15, 1, 15),
(16, 16, 1, 16),
(17, 17, 1, 17),
(18, 18, 1, 18),
(19, 19, 1, 19),
(20, 20, 1, 20),
(21, 21, 1, 21),
(22, 22, 1, 22),
(23, 23, 1, 23),
(24, 24, 1, 24),
(25, 25, 1, 25),
(26, 26, 1, 26),
(27, 27, 1, 27),
(28, 28, 1, 28),
(29, 30, 1, 29),
(30, 1, 2, 53),
(31, 2, 2, 52),
(32, 3, 2, 51),
(33, 4, 2, 50),
(34, 5, 2, 14),
(35, 1, 3, 14),
(36, 2, 3, 50),
(37, 3, 3, 51),
(38, 4, 3, 52),
(39, 5, 3, 53),
(40, 1, 4, 29),
(41, 3, 4, 28),
(42, 4, 4, 27),
(43, 5, 4, 26),
(44, 6, 4, 25),
(45, 7, 4, 24),
(46, 8, 4, 23),
(47, 9, 4, 22),
(48, 10, 4, 21),
(49, 11, 4, 20),
(50, 12, 4, 19),
(51, 13, 4, 18),
(52, 14, 4, 17),
(53, 15, 4, 16),
(54, 16, 4, 15),
(55, 17, 4, 14),
(56, 18, 4, 13),
(57, 19, 4, 12),
(58, 20, 4, 11),
(59, 21, 4, 10),
(60, 22, 4, 9),
(61, 23, 4, 8),
(62, 24, 4, 7),
(63, 25, 4, 6),
(64, 26, 4, 5),
(65, 27, 4, 4),
(66, 28, 4, 3),
(67, 29, 4, 2),
(68, 30, 4, 1),
(113, 29, 1, 56),
(331, 1, 11, 53),
(332, 2, 11, 52),
(333, 3, 11, 51),
(334, 4, 11, 50),
(335, 5, 11, 14),
(336, 6, 11, 15),
(337, 7, 11, 16),
(338, 8, 11, 17),
(339, 9, 11, 18),
(340, 10, 11, 19),
(341, 11, 11, 20),
(342, 12, 11, 21),
(343, 13, 11, 22),
(344, 14, 11, 23),
(345, 15, 11, 24),
(346, 16, 11, 25),
(347, 17, 11, 26),
(348, 18, 11, 27),
(349, 19, 11, 28),
(350, 20, 11, 56),
(351, 21, 11, 29),
(352, 1, 12, 29),
(353, 2, 12, 56),
(354, 3, 12, 28),
(355, 4, 12, 27),
(356, 5, 12, 26),
(357, 6, 12, 25),
(358, 7, 12, 24),
(359, 8, 12, 23),
(360, 9, 12, 22),
(361, 10, 12, 21),
(362, 11, 12, 20),
(363, 12, 12, 19),
(364, 13, 12, 18),
(365, 14, 12, 17),
(366, 15, 12, 16),
(367, 16, 12, 15),
(368, 17, 12, 14),
(369, 18, 12, 50),
(370, 19, 12, 51),
(371, 20, 12, 52),
(372, 21, 12, 53),
(377, 1, 14, 46),
(378, 2, 14, 45),
(379, 3, 14, 44),
(380, 4, 14, 43),
(381, 5, 14, 42),
(382, 6, 14, 41),
(383, 7, 14, 40),
(384, 8, 14, 39),
(385, 9, 14, 38),
(386, 10, 14, 37),
(387, 11, 14, 36),
(388, 12, 14, 55),
(389, 13, 14, 35),
(390, 14, 14, 25),
(391, 15, 14, 26),
(392, 16, 14, 32),
(393, 17, 14, 31),
(394, 18, 14, 30),
(395, 19, 14, 29),
(495, 1, 9, 1),
(496, 2, 9, 2),
(497, 3, 9, 3),
(498, 4, 9, 4),
(499, 5, 9, 5),
(500, 6, 9, 6),
(501, 7, 9, 7),
(502, 8, 9, 8),
(503, 9, 9, 9),
(504, 10, 9, 10),
(505, 11, 9, 11),
(506, 12, 9, 12),
(507, 13, 9, 13),
(508, 14, 9, 14),
(509, 15, 9, 15),
(510, 16, 9, 16),
(511, 17, 9, 17),
(512, 18, 9, 18),
(513, 19, 9, 19),
(514, 20, 9, 20),
(515, 21, 9, 21),
(516, 22, 9, 22),
(517, 23, 9, 23),
(518, 24, 9, 24),
(519, 25, 9, 35),
(520, 26, 9, 55),
(521, 27, 9, 36),
(522, 28, 9, 37),
(523, 29, 9, 38),
(524, 30, 9, 39),
(525, 31, 9, 40),
(526, 32, 9, 41),
(527, 33, 9, 42),
(528, 34, 9, 43),
(529, 35, 9, 44),
(530, 36, 9, 45),
(531, 37, 9, 46),
(532, 38, 9, 47),
(533, 39, 9, 48),
(534, 40, 9, 49),
(535, 41, 9, 54),
(536, 42, 9, 57),
(537, 43, 9, 58),
(538, 44, 9, 59),
(539, 45, 9, 60),
(540, 46, 9, 61),
(541, 47, 9, 62),
(542, 1, 7, 1),
(543, 2, 7, 2),
(544, 3, 7, 3),
(545, 4, 7, 4),
(546, 5, 7, 5),
(547, 6, 7, 6),
(548, 7, 7, 7),
(549, 8, 7, 8),
(550, 9, 7, 9),
(551, 10, 7, 10),
(552, 11, 7, 11),
(553, 12, 7, 12),
(554, 13, 7, 13),
(555, 14, 7, 14),
(556, 15, 7, 15),
(557, 16, 7, 16),
(558, 17, 7, 17),
(559, 18, 7, 18),
(560, 19, 7, 19),
(561, 20, 7, 20),
(562, 21, 7, 21),
(563, 22, 7, 22),
(564, 23, 7, 23),
(565, 24, 7, 24),
(566, 25, 7, 25),
(567, 26, 7, 26),
(568, 27, 7, 27),
(569, 28, 7, 28),
(570, 29, 7, 56),
(571, 30, 7, 29),
(572, 31, 7, 30),
(573, 32, 7, 31),
(574, 33, 7, 32),
(575, 34, 7, 26),
(576, 35, 7, 25),
(577, 36, 7, 35),
(578, 37, 7, 36),
(579, 38, 7, 36),
(580, 39, 7, 37),
(581, 40, 7, 38),
(582, 41, 7, 39),
(583, 42, 7, 40),
(584, 43, 7, 41),
(585, 44, 7, 42),
(586, 45, 7, 43),
(587, 46, 7, 44),
(588, 47, 7, 45),
(589, 48, 7, 46),
(590, 49, 7, 47),
(591, 50, 7, 48),
(592, 51, 7, 49),
(593, 52, 7, 54),
(594, 53, 7, 57),
(595, 54, 7, 58),
(596, 55, 7, 59),
(597, 56, 7, 60),
(598, 57, 7, 61),
(599, 58, 7, 62),
(622, 1, 18, 53),
(623, 2, 18, 52),
(624, 3, 18, 51),
(625, 4, 18, 50),
(626, 5, 18, 14),
(627, 6, 18, 15),
(628, 7, 18, 16),
(629, 8, 18, 17),
(630, 9, 18, 18),
(631, 10, 18, 19),
(632, 11, 18, 20),
(633, 12, 18, 21),
(634, 13, 18, 22),
(635, 14, 18, 23),
(636, 15, 18, 24),
(637, 16, 18, 35),
(638, 17, 18, 55),
(639, 18, 18, 36),
(640, 19, 18, 37),
(641, 20, 18, 38),
(642, 21, 18, 39),
(643, 22, 18, 40),
(644, 23, 18, 41),
(645, 24, 18, 42),
(646, 25, 18, 43),
(647, 26, 18, 44),
(648, 27, 18, 45),
(649, 28, 18, 46),
(650, 29, 18, 47),
(651, 30, 18, 48),
(652, 31, 18, 49),
(653, 32, 18, 54),
(654, 33, 18, 57),
(655, 34, 18, 58),
(656, 35, 18, 59),
(657, 36, 18, 60),
(658, 37, 18, 61),
(659, 38, 18, 62),
(660, 1, 5, 62),
(661, 2, 5, 61),
(662, 3, 5, 60),
(663, 4, 5, 59),
(664, 5, 5, 58),
(665, 6, 5, 57),
(666, 7, 5, 54),
(667, 8, 5, 49),
(668, 9, 5, 48),
(669, 10, 5, 47),
(670, 11, 5, 46),
(671, 12, 5, 45),
(672, 13, 5, 44),
(673, 14, 5, 43),
(674, 15, 5, 42),
(675, 16, 5, 41),
(676, 17, 5, 40),
(677, 18, 5, 39),
(678, 19, 5, 38),
(679, 20, 5, 37),
(680, 21, 5, 36),
(681, 22, 5, 55),
(682, 23, 5, 35),
(683, 24, 5, 25),
(684, 25, 5, 26),
(685, 26, 5, 32),
(686, 27, 5, 31),
(687, 28, 5, 30),
(688, 29, 5, 29),
(689, 1, 8, 62),
(690, 2, 8, 61),
(691, 3, 8, 60),
(692, 4, 8, 59),
(693, 5, 8, 58),
(694, 6, 8, 57),
(695, 7, 8, 54),
(696, 8, 8, 49),
(697, 9, 8, 48),
(698, 10, 8, 47),
(699, 11, 8, 46),
(700, 12, 8, 45),
(701, 13, 8, 44),
(702, 14, 8, 43),
(703, 15, 8, 42),
(704, 16, 8, 41),
(705, 17, 8, 40),
(706, 18, 8, 39),
(707, 19, 8, 38),
(708, 20, 8, 37),
(709, 21, 8, 36),
(710, 22, 8, 55),
(711, 23, 8, 35),
(712, 24, 8, 25),
(713, 25, 8, 26),
(714, 26, 8, 32),
(715, 27, 8, 31),
(716, 28, 8, 30),
(717, 29, 8, 29),
(718, 30, 8, 56),
(719, 31, 8, 28),
(720, 32, 8, 27),
(721, 33, 8, 26),
(722, 34, 8, 25),
(723, 35, 8, 24),
(724, 36, 8, 23),
(725, 37, 8, 22),
(726, 38, 8, 21),
(727, 39, 8, 20),
(728, 40, 8, 19),
(729, 41, 8, 18),
(730, 42, 8, 17),
(731, 43, 8, 16),
(732, 44, 8, 15),
(733, 45, 8, 14),
(734, 46, 8, 13),
(735, 47, 8, 12),
(736, 48, 8, 11),
(737, 49, 8, 10),
(738, 50, 8, 9),
(739, 51, 8, 8),
(740, 52, 8, 7),
(741, 53, 8, 6),
(742, 54, 8, 5),
(743, 55, 8, 4),
(744, 56, 8, 3),
(745, 57, 8, 2),
(746, 58, 8, 1),
(747, 1, 10, 62),
(748, 2, 10, 61),
(749, 3, 10, 60),
(750, 4, 10, 59),
(751, 5, 10, 58),
(752, 6, 10, 57),
(753, 7, 10, 54),
(754, 8, 10, 49),
(755, 9, 10, 48),
(756, 10, 10, 47),
(757, 11, 10, 46),
(758, 12, 10, 45),
(759, 13, 10, 44),
(760, 14, 10, 43),
(761, 15, 10, 42),
(762, 16, 10, 41),
(763, 17, 10, 40),
(764, 18, 10, 39),
(765, 19, 10, 38),
(766, 20, 10, 37),
(767, 21, 10, 36),
(768, 22, 10, 55),
(769, 23, 10, 35),
(770, 24, 10, 24),
(771, 25, 10, 23),
(772, 26, 10, 22),
(773, 27, 10, 21),
(774, 28, 10, 20),
(775, 29, 10, 19),
(776, 30, 10, 18),
(777, 31, 10, 17),
(778, 32, 10, 16),
(779, 33, 10, 15),
(780, 34, 10, 14),
(781, 35, 10, 13),
(782, 36, 10, 12),
(783, 37, 10, 11),
(784, 38, 10, 10),
(785, 39, 10, 9),
(786, 40, 10, 8),
(787, 41, 10, 7),
(788, 42, 10, 6),
(789, 43, 10, 5),
(790, 44, 10, 4),
(791, 45, 10, 3),
(792, 46, 10, 2),
(793, 47, 10, 1),
(794, 1, 19, 29),
(795, 2, 19, 30),
(796, 3, 19, 31),
(797, 4, 19, 32),
(798, 5, 19, 26),
(799, 6, 19, 25),
(800, 7, 19, 35),
(801, 8, 19, 36),
(802, 9, 19, 37),
(803, 10, 19, 38),
(804, 11, 19, 39),
(805, 12, 19, 40),
(806, 13, 19, 41),
(807, 14, 19, 42),
(808, 15, 19, 43),
(809, 16, 19, 44),
(810, 17, 19, 45),
(811, 18, 19, 46),
(812, 1, 20, 29),
(813, 2, 20, 30),
(814, 3, 20, 31),
(815, 4, 20, 32),
(816, 5, 20, 26),
(817, 6, 20, 25),
(818, 7, 20, 35),
(819, 8, 20, 36),
(820, 9, 20, 37),
(821, 10, 20, 38),
(822, 11, 20, 39),
(823, 12, 20, 40),
(824, 1, 21, 61),
(825, 2, 21, 60),
(826, 3, 21, 59),
(827, 4, 21, 58),
(828, 5, 21, 57),
(829, 6, 21, 54),
(830, 7, 21, 49),
(831, 8, 21, 48),
(832, 9, 21, 47),
(833, 10, 21, 46),
(834, 11, 21, 45),
(835, 12, 21, 44),
(836, 13, 21, 43),
(837, 14, 21, 42),
(838, 15, 21, 41),
(839, 16, 21, 40),
(840, 17, 21, 39),
(841, 18, 21, 38),
(842, 19, 21, 37),
(843, 20, 21, 36),
(844, 21, 21, 55),
(845, 22, 21, 35),
(846, 23, 21, 24),
(847, 24, 21, 23),
(848, 25, 21, 22),
(849, 26, 21, 21),
(850, 27, 21, 20),
(851, 28, 21, 19),
(852, 29, 21, 18),
(853, 30, 21, 17),
(854, 31, 21, 16),
(855, 32, 21, 15),
(856, 33, 21, 14),
(857, 34, 21, 13),
(858, 35, 21, 12),
(859, 36, 21, 11),
(860, 37, 21, 10),
(861, 38, 21, 9),
(862, 39, 21, 8),
(863, 40, 21, 7),
(864, 41, 21, 6),
(865, 42, 21, 5),
(866, 43, 21, 4),
(867, 44, 21, 3),
(868, 45, 21, 2),
(869, 1, 22, 2),
(870, 2, 22, 3),
(871, 3, 22, 4),
(872, 4, 22, 5),
(873, 5, 22, 6),
(874, 6, 22, 7),
(875, 7, 22, 8),
(876, 8, 22, 9),
(877, 9, 22, 10),
(878, 10, 22, 11),
(879, 11, 22, 12),
(880, 12, 22, 13),
(881, 13, 22, 14),
(882, 14, 22, 15),
(883, 15, 22, 16),
(884, 16, 22, 17),
(885, 17, 22, 18),
(886, 18, 22, 19),
(887, 19, 22, 20),
(888, 20, 22, 21),
(889, 21, 22, 22),
(890, 22, 22, 23),
(891, 23, 22, 24),
(892, 24, 22, 25),
(893, 25, 22, 26),
(894, 26, 22, 27),
(895, 27, 22, 28),
(896, 28, 22, 56),
(897, 29, 22, 29),
(898, 1, 23, 29),
(899, 2, 23, 56),
(900, 3, 23, 28),
(901, 4, 23, 63),
(902, 1, 24, 25),
(903, 2, 24, 26),
(904, 3, 24, 63),
(905, 1, 6, 29),
(906, 2, 6, 30),
(907, 3, 6, 31),
(908, 4, 6, 32),
(909, 5, 6, 26),
(910, 6, 6, 25),
(911, 7, 6, 35),
(912, 8, 6, 36),
(913, 9, 6, 37),
(914, 10, 6, 38),
(915, 11, 6, 39),
(916, 12, 6, 40),
(917, 13, 6, 41),
(918, 14, 6, 42),
(919, 15, 6, 43),
(920, 16, 6, 44),
(921, 17, 6, 45),
(922, 18, 6, 46),
(923, 19, 6, 47),
(924, 20, 6, 48),
(925, 21, 6, 49),
(926, 22, 6, 54),
(927, 23, 6, 57),
(928, 24, 6, 58),
(929, 25, 6, 59),
(930, 26, 6, 60),
(931, 27, 6, 61),
(932, 28, 6, 62),
(1047, 1, 25, 2),
(1048, 2, 25, 3),
(1049, 3, 25, 4),
(1050, 4, 25, 5),
(1051, 5, 25, 6),
(1052, 6, 25, 7),
(1053, 7, 25, 8),
(1054, 8, 25, 9),
(1055, 9, 25, 10),
(1056, 10, 25, 11),
(1057, 11, 25, 12),
(1058, 12, 25, 13),
(1059, 13, 25, 14),
(1060, 14, 25, 15),
(1061, 15, 25, 16),
(1062, 16, 25, 17),
(1063, 17, 25, 18),
(1064, 18, 25, 19),
(1065, 19, 25, 20),
(1066, 20, 25, 21),
(1067, 21, 25, 22),
(1068, 22, 25, 23),
(1069, 23, 25, 24),
(1070, 24, 25, 25),
(1071, 25, 25, 26),
(1072, 26, 25, 27),
(1073, 27, 25, 28),
(1074, 28, 25, 56),
(1075, 29, 25, 29),
(1076, 30, 25, 30),
(1077, 31, 25, 31),
(1078, 32, 25, 32),
(1079, 33, 25, 26),
(1080, 34, 25, 25),
(1081, 35, 25, 35),
(1082, 36, 25, 36),
(1083, 37, 25, 36),
(1084, 38, 25, 37),
(1085, 39, 25, 38),
(1086, 40, 25, 39),
(1087, 41, 25, 40),
(1088, 42, 25, 41),
(1089, 43, 25, 42),
(1090, 44, 25, 43),
(1091, 45, 25, 44),
(1092, 46, 25, 45),
(1093, 47, 25, 46),
(1094, 48, 25, 47),
(1095, 49, 25, 48),
(1096, 50, 25, 49),
(1097, 51, 25, 54),
(1098, 52, 25, 57),
(1099, 53, 25, 58),
(1100, 54, 25, 59),
(1101, 55, 25, 60),
(1102, 56, 25, 61),
(1103, 1, 26, 1),
(1104, 2, 26, 2),
(1105, 3, 26, 3),
(1106, 4, 26, 4),
(1107, 5, 26, 5),
(1108, 6, 26, 6),
(1109, 7, 26, 7),
(1110, 8, 26, 8),
(1111, 9, 26, 9),
(1112, 10, 26, 10),
(1113, 11, 26, 11),
(1114, 12, 26, 12),
(1115, 13, 26, 13),
(1116, 14, 26, 14),
(1117, 15, 26, 15),
(1118, 16, 26, 16),
(1119, 17, 26, 17),
(1120, 18, 26, 18),
(1121, 19, 26, 19),
(1122, 20, 26, 20),
(1123, 21, 26, 21),
(1124, 22, 26, 22),
(1125, 23, 26, 23),
(1126, 24, 26, 24),
(1127, 25, 26, 35),
(1128, 26, 26, 55),
(1129, 27, 26, 36),
(1130, 28, 26, 37),
(1131, 29, 26, 38),
(1132, 30, 26, 39),
(1133, 31, 26, 40),
(1134, 32, 26, 41),
(1135, 33, 26, 42),
(1136, 34, 26, 43),
(1137, 35, 26, 44),
(1138, 36, 26, 45),
(1139, 37, 26, 46),
(1140, 38, 26, 47),
(1141, 39, 26, 48),
(1142, 40, 26, 49),
(1143, 41, 26, 54),
(1144, 42, 26, 57),
(1145, 43, 26, 58),
(1146, 44, 26, 59),
(1147, 45, 26, 60),
(1148, 46, 26, 61),
(1149, 1, 27, 29),
(1150, 2, 27, 30),
(1151, 3, 27, 31),
(1152, 4, 27, 32),
(1153, 5, 27, 26),
(1154, 6, 27, 25),
(1155, 7, 27, 35),
(1156, 8, 27, 36),
(1157, 9, 27, 37),
(1158, 10, 27, 38),
(1159, 11, 27, 39),
(1160, 12, 27, 40),
(1161, 13, 27, 41),
(1162, 14, 27, 42),
(1163, 15, 27, 43),
(1164, 16, 27, 44),
(1165, 17, 27, 45),
(1166, 18, 27, 46),
(1167, 19, 27, 47),
(1168, 20, 27, 48),
(1169, 21, 27, 49),
(1170, 22, 27, 54),
(1171, 23, 27, 57),
(1172, 24, 27, 58),
(1173, 25, 27, 59),
(1174, 26, 27, 60),
(1175, 27, 27, 61),
(1176, 1, 28, 61),
(1177, 2, 28, 60),
(1178, 3, 28, 59),
(1179, 4, 28, 58),
(1180, 5, 28, 57),
(1181, 6, 28, 54),
(1182, 7, 28, 49),
(1183, 8, 28, 48),
(1184, 9, 28, 47),
(1185, 10, 28, 46),
(1186, 11, 28, 45),
(1187, 12, 28, 44),
(1188, 13, 28, 43),
(1189, 14, 28, 42),
(1190, 15, 28, 41),
(1191, 16, 28, 40),
(1192, 17, 28, 39),
(1193, 18, 28, 38),
(1194, 19, 28, 37),
(1195, 20, 28, 36),
(1196, 21, 28, 55),
(1197, 22, 28, 35),
(1198, 23, 28, 25),
(1199, 24, 28, 26),
(1200, 25, 28, 32),
(1201, 26, 28, 31),
(1202, 27, 28, 30),
(1203, 28, 28, 29),
(1204, 1, 29, 61),
(1205, 2, 29, 60),
(1206, 3, 29, 59),
(1207, 4, 29, 58),
(1208, 5, 29, 57),
(1209, 6, 29, 54),
(1210, 7, 29, 49),
(1211, 8, 29, 48),
(1212, 9, 29, 47),
(1213, 10, 29, 46),
(1214, 11, 29, 45),
(1215, 12, 29, 44),
(1216, 13, 29, 43),
(1217, 14, 29, 42),
(1218, 15, 29, 41),
(1219, 16, 29, 40),
(1220, 17, 29, 39),
(1221, 18, 29, 38),
(1222, 19, 29, 37),
(1223, 20, 29, 36),
(1224, 21, 29, 55),
(1225, 22, 29, 35),
(1226, 23, 29, 25),
(1227, 24, 29, 26),
(1228, 25, 29, 32),
(1229, 26, 29, 31),
(1230, 27, 29, 30),
(1231, 28, 29, 29),
(1232, 29, 29, 56),
(1233, 30, 29, 28),
(1234, 31, 29, 27),
(1235, 32, 29, 26),
(1236, 33, 29, 25),
(1237, 34, 29, 24),
(1238, 35, 29, 23),
(1239, 36, 29, 22),
(1240, 37, 29, 21),
(1241, 38, 29, 20),
(1242, 39, 29, 19),
(1243, 40, 29, 18),
(1244, 41, 29, 17),
(1245, 42, 29, 16),
(1246, 43, 29, 15),
(1247, 44, 29, 14),
(1248, 45, 29, 13),
(1249, 46, 29, 12),
(1250, 47, 29, 11),
(1251, 48, 29, 10),
(1252, 49, 29, 9),
(1253, 50, 29, 8),
(1254, 51, 29, 7),
(1255, 52, 29, 6),
(1256, 53, 29, 5),
(1257, 54, 29, 4),
(1258, 55, 29, 3),
(1259, 56, 29, 2);

-- --------------------------------------------------------

--
-- Struktura tabeli dla tabeli `szczegoly_rozkladu`
--

CREATE TABLE `szczegoly_rozkladu` (
  `id_szczegolu` int(11) NOT NULL,
  `id_przejazdu` int(11) NOT NULL,
  `id_stacji` int(11) NOT NULL,
  `kolejnosc` int(11) NOT NULL,
  `przyjazd` time DEFAULT NULL,
  `odjazd` time DEFAULT NULL,
  `peron` varchar(5) DEFAULT NULL,
  `tor` varchar(5) DEFAULT NULL,
  `uwagi_postoju` varchar(10) DEFAULT NULL
) ENGINE=InnoDB DEFAULT CHARSET=utf8mb4 COLLATE=utf8mb4_polish_ci;

--
-- Dumping data for table `szczegoly_rozkladu`
--

INSERT INTO `szczegoly_rozkladu` (`id_szczegolu`, `id_przejazdu`, `id_stacji`, `kolejnosc`, `przyjazd`, `odjazd`, `peron`, `tor`, `uwagi_postoju`) VALUES
(94, 4, 14, 1, NULL, '18:22:00', '1', '1', ''),
(95, 4, 50, 2, '18:24:15', '18:24:45', '1', '1', 'ph'),
(96, 4, 51, 3, '18:26:00', '18:26:30', '1', '1', 'ph'),
(97, 4, 52, 4, '18:28:15', '18:28:45', '1', '1', 'ph'),
(98, 4, 53, 5, '18:31:15', NULL, '1', '7', ''),
(145, 6, 61, 1, NULL, '18:40:00', NULL, NULL, ''),
(146, 6, 60, 2, '18:43:30', '18:43:30', NULL, NULL, ''),
(147, 6, 59, 3, '18:45:45', '18:45:45', NULL, NULL, ''),
(148, 6, 58, 4, '18:47:15', '18:47:15', NULL, NULL, ''),
(149, 6, 57, 5, '18:49:00', '18:49:00', NULL, NULL, ''),
(150, 6, 54, 6, '18:51:45', '18:51:45', NULL, NULL, ''),
(151, 6, 49, 7, '18:53:15', '18:53:15', NULL, NULL, ''),
(152, 6, 48, 8, '18:55:00', '18:55:00', NULL, NULL, ''),
(153, 6, 47, 9, '18:56:45', '18:56:45', NULL, NULL, ''),
(154, 6, 46, 10, '18:58:15', '18:58:15', NULL, NULL, ''),
(155, 6, 45, 11, '18:59:45', '18:59:45', NULL, NULL, ''),
(156, 6, 44, 12, '19:01:15', '19:01:15', NULL, NULL, ''),
(157, 6, 43, 13, '19:02:30', '19:02:30', NULL, NULL, ''),
(158, 6, 42, 14, '19:04:00', '19:04:00', NULL, NULL, ''),
(159, 6, 41, 15, '19:05:45', '19:05:45', NULL, NULL, ''),
(160, 6, 40, 16, '19:07:45', '19:08:45', NULL, NULL, 'ph'),
(161, 6, 39, 17, '19:10:30', '19:10:30', NULL, NULL, ''),
(162, 6, 38, 18, '19:11:30', '19:11:30', NULL, NULL, ''),
(163, 6, 37, 19, '19:12:45', '19:12:45', NULL, NULL, ''),
(164, 6, 36, 20, '19:14:30', '19:14:30', NULL, NULL, ''),
(165, 6, 55, 21, '19:15:15', '19:15:15', NULL, NULL, ''),
(166, 6, 35, 22, '19:16:00', '19:16:00', NULL, NULL, ''),
(167, 6, 24, 23, '19:19:00', '19:19:00', NULL, NULL, ''),
(168, 6, 23, 24, '19:20:00', '19:20:00', NULL, NULL, ''),
(169, 6, 22, 25, '19:21:00', '19:21:00', NULL, NULL, ''),
(170, 6, 21, 26, '19:22:30', '19:22:30', NULL, NULL, ''),
(171, 6, 20, 27, '19:23:45', '19:23:45', NULL, NULL, ''),
(172, 6, 19, 28, '19:25:00', '19:25:00', NULL, NULL, ''),
(173, 6, 18, 29, '19:26:15', '19:26:15', NULL, NULL, ''),
(174, 6, 17, 30, '19:28:30', '19:28:30', NULL, NULL, ''),
(175, 6, 16, 31, '19:30:00', '19:30:00', NULL, NULL, ''),
(176, 6, 15, 32, '19:32:30', '19:32:30', NULL, NULL, ''),
(177, 6, 14, 33, '19:34:45', '19:34:45', NULL, NULL, ''),
(178, 6, 13, 34, '19:36:30', '19:36:30', NULL, NULL, ''),
(179, 6, 12, 35, '19:37:30', '19:37:30', NULL, NULL, ''),
(180, 6, 11, 36, '19:38:45', '19:38:45', NULL, NULL, ''),
(181, 6, 10, 37, '19:39:45', '19:39:45', NULL, NULL, ''),
(182, 6, 9, 38, '19:40:45', '19:40:45', NULL, NULL, ''),
(183, 6, 8, 39, '19:41:45', '19:41:45', NULL, NULL, ''),
(184, 6, 7, 40, '19:43:00', '19:43:00', NULL, NULL, ''),
(185, 6, 6, 41, '19:44:30', '19:45:30', NULL, NULL, 'ph'),
(186, 6, 5, 42, '19:46:00', '19:46:00', NULL, NULL, ''),
(187, 6, 4, 43, '19:48:00', '19:48:00', NULL, NULL, ''),
(188, 6, 3, 44, '19:49:00', '19:49:00', NULL, NULL, ''),
(189, 6, 2, 45, '19:49:45', '19:49:45', NULL, NULL, 'ph'),
(190, 6, 1, 46, '19:50:30', NULL, NULL, NULL, ''),
(191, 7, 1, 1, NULL, '12:00:00', NULL, NULL, ''),
(192, 7, 2, 2, '12:00:45', '12:01:15', NULL, NULL, 'ph'),
(193, 7, 3, 3, '12:02:00', '12:02:30', NULL, NULL, 'ph'),
(194, 7, 4, 4, '12:03:30', '12:04:00', NULL, NULL, 'ph'),
(195, 7, 5, 5, '12:06:00', '12:06:30', NULL, NULL, 'ph'),
(196, 7, 6, 6, '12:07:00', '12:07:30', NULL, NULL, 'ph'),
(197, 7, 7, 7, '12:09:00', '12:09:30', NULL, NULL, 'ph'),
(198, 7, 8, 8, '12:10:45', '12:11:15', NULL, NULL, 'ph'),
(199, 7, 9, 9, '12:12:15', '12:12:45', NULL, NULL, 'ph'),
(200, 7, 10, 10, '12:13:45', '12:14:15', NULL, NULL, 'ph'),
(201, 7, 11, 11, '12:15:15', '12:15:15', NULL, NULL, ''),
(202, 7, 12, 12, '12:16:30', '12:17:00', NULL, NULL, 'ph'),
(203, 7, 13, 13, '12:18:00', '12:18:30', NULL, NULL, 'ph'),
(204, 7, 14, 14, '12:20:15', '12:20:45', NULL, NULL, 'ph'),
(205, 7, 15, 15, '12:23:00', '12:23:30', NULL, NULL, 'ph'),
(206, 7, 16, 16, '12:26:00', '12:26:30', NULL, NULL, 'ph'),
(207, 7, 17, 17, '12:28:00', '12:28:30', NULL, NULL, 'ph'),
(208, 7, 18, 18, '12:30:45', '12:31:15', NULL, NULL, 'ph'),
(209, 7, 19, 19, '12:32:30', '12:33:00', NULL, NULL, 'ph'),
(210, 7, 20, 20, '12:34:15', '12:34:45', NULL, NULL, 'ph'),
(211, 7, 21, 21, '12:36:00', '12:36:30', NULL, NULL, 'ph'),
(212, 7, 22, 22, '12:38:00', '12:38:30', NULL, NULL, 'ph'),
(213, 7, 23, 23, '12:39:30', '12:40:00', NULL, NULL, 'ph'),
(214, 7, 24, 24, '12:41:00', '12:41:00', NULL, NULL, ''),
(215, 7, 25, 25, '12:42:15', '12:42:45', NULL, NULL, 'ph'),
(216, 7, 26, 26, '12:45:30', '12:46:00', NULL, NULL, 'ph'),
(217, 7, 27, 27, '12:48:00', '12:48:00', NULL, NULL, ''),
(218, 7, 28, 28, '12:50:45', '12:51:15', NULL, NULL, 'ph'),
(219, 7, 56, 29, '12:52:30', '12:53:00', NULL, NULL, 'ph'),
(220, 7, 29, 30, '12:55:15', '13:03:45', NULL, NULL, 'ph'),
(221, 7, 30, 31, '13:05:45', '13:05:45', NULL, NULL, ''),
(222, 7, 31, 32, '13:07:45', '13:07:45', NULL, NULL, ''),
(223, 7, 32, 33, '13:09:00', '13:09:00', NULL, NULL, ''),
(224, 7, 26, 34, '13:10:30', '13:11:00', NULL, NULL, 'ph'),
(225, 7, 25, 35, '13:12:45', '13:13:15', NULL, NULL, 'ph'),
(226, 7, 35, 36, '13:14:15', '13:14:15', NULL, NULL, ''),
(227, 7, 36, 37, '13:14:15', '13:14:45', NULL, NULL, 'ph'),
(228, 7, 36, 38, '13:14:45', '13:15:15', NULL, NULL, 'ph'),
(229, 7, 37, 39, '13:17:00', '13:17:30', NULL, NULL, 'ph'),
(230, 7, 38, 40, '13:18:45', '13:19:15', NULL, NULL, 'ph'),
(231, 7, 39, 41, '13:20:15', '13:20:45', NULL, NULL, 'ph'),
(232, 7, 40, 42, '13:22:30', '13:23:00', NULL, NULL, 'ph'),
(233, 7, 41, 43, '13:25:00', '13:25:30', NULL, NULL, 'ph'),
(234, 7, 42, 44, '13:27:15', '13:27:45', NULL, NULL, 'ph'),
(235, 7, 43, 45, '13:29:15', '13:29:45', NULL, NULL, 'ph'),
(236, 7, 44, 46, '13:31:00', '13:31:30', NULL, NULL, 'ph'),
(237, 7, 45, 47, '13:33:00', '13:33:30', NULL, NULL, 'ph'),
(238, 7, 46, 48, '13:35:00', '13:35:30', NULL, NULL, 'ph'),
(239, 7, 47, 49, '13:37:00', '13:37:30', NULL, NULL, 'ph'),
(240, 7, 48, 50, '13:39:15', '13:39:45', NULL, NULL, 'ph'),
(241, 7, 49, 51, '13:41:30', '13:42:00', NULL, NULL, 'ph'),
(242, 7, 54, 52, '13:43:30', '13:44:00', NULL, NULL, 'ph'),
(243, 7, 57, 53, '13:46:45', '13:47:15', NULL, NULL, 'ph'),
(244, 7, 58, 54, '13:49:00', '13:49:30', NULL, NULL, 'ph'),
(245, 7, 59, 55, '13:51:00', '13:51:30', NULL, NULL, 'ph'),
(246, 7, 60, 56, '13:53:45', '13:54:15', NULL, NULL, 'ph'),
(247, 7, 62, 57, '13:57:45', NULL, NULL, NULL, ''),
(250, 9, 53, 1, NULL, '08:20:36', NULL, NULL, ''),
(251, 9, 52, 2, '08:23:06', '08:23:06', NULL, NULL, ''),
(252, 9, 51, 3, '08:24:51', '08:24:51', NULL, NULL, ''),
(253, 9, 50, 4, '08:26:06', '08:26:06', NULL, NULL, ''),
(254, 9, 14, 5, '08:28:21', '08:28:51', NULL, NULL, 'ph'),
(255, 9, 15, 6, '08:31:06', '08:31:06', NULL, NULL, ''),
(256, 9, 16, 7, '08:33:36', '08:33:36', NULL, NULL, ''),
(257, 9, 17, 8, '08:35:06', '08:35:06', NULL, NULL, ''),
(258, 9, 18, 9, '08:37:21', '08:37:51', NULL, NULL, 'ph'),
(259, 9, 19, 10, '08:39:06', '08:39:06', NULL, NULL, ''),
(260, 9, 20, 11, '08:40:21', '08:40:21', NULL, NULL, ''),
(261, 9, 21, 12, '08:41:36', '08:41:36', NULL, NULL, ''),
(262, 9, 22, 13, '08:43:06', '08:43:36', NULL, NULL, 'ph'),
(263, 9, 23, 14, '08:44:36', '08:44:36', NULL, NULL, ''),
(264, 9, 24, 15, '08:45:36', '08:45:36', NULL, NULL, ''),
(265, 9, 35, 16, '08:48:36', '08:48:36', NULL, NULL, ''),
(266, 9, 55, 17, '08:49:21', '08:49:21', NULL, NULL, ''),
(267, 9, 36, 18, '08:50:06', '08:50:36', NULL, NULL, 'ph'),
(268, 9, 37, 19, '08:52:21', '08:52:21', NULL, NULL, ''),
(269, 9, 38, 20, '08:53:36', '08:53:36', NULL, NULL, ''),
(270, 9, 39, 21, '08:54:36', '08:54:36', NULL, NULL, ''),
(271, 9, 40, 22, '08:56:21', '08:56:51', NULL, NULL, 'ph'),
(272, 9, 41, 23, '08:58:51', '08:58:51', NULL, NULL, ''),
(273, 9, 42, 24, '09:00:36', '09:00:36', NULL, NULL, ''),
(274, 9, 43, 25, '09:02:06', '09:02:06', NULL, NULL, ''),
(275, 9, 44, 26, '09:03:21', '09:03:21', NULL, NULL, ''),
(276, 9, 45, 27, '09:04:51', '09:04:51', NULL, NULL, ''),
(277, 9, 46, 28, '09:06:21', '09:06:51', NULL, NULL, 'ph'),
(278, 9, 47, 29, '09:08:21', '09:08:21', NULL, NULL, ''),
(279, 9, 48, 30, '09:10:06', '09:10:06', NULL, NULL, ''),
(280, 9, 49, 31, '09:11:51', '09:11:51', NULL, NULL, ''),
(281, 9, 54, 32, '09:13:21', '09:13:21', NULL, NULL, ''),
(282, 9, 57, 33, '09:16:06', '09:16:36', NULL, NULL, 'ph'),
(283, 9, 58, 34, '09:18:21', '09:18:21', NULL, NULL, ''),
(284, 9, 59, 35, '09:19:51', '09:19:51', NULL, NULL, ''),
(285, 9, 60, 36, '09:22:06', '09:22:06', NULL, NULL, ''),
(286, 9, 61, 37, '09:25:36', NULL, NULL, NULL, ''),
(287, 10, 1, 1, NULL, '20:10:00', NULL, NULL, ''),
(288, 10, 2, 2, '20:10:45', '20:13:15', NULL, NULL, 'ph'),
(289, 10, 3, 3, '20:14:00', '20:14:00', NULL, NULL, ''),
(290, 10, 4, 4, '20:15:00', '20:15:00', NULL, NULL, ''),
(291, 10, 5, 5, '20:17:00', '20:17:00', NULL, NULL, ''),
(292, 10, 6, 6, '20:17:30', '20:18:00', NULL, NULL, 'ph'),
(293, 10, 7, 7, '20:19:30', '20:19:30', NULL, NULL, ''),
(294, 10, 8, 8, '20:20:45', '20:20:45', NULL, NULL, ''),
(295, 10, 9, 9, '20:21:45', '20:21:45', NULL, NULL, ''),
(296, 10, 10, 10, '20:22:45', '20:23:15', NULL, NULL, 'ph'),
(297, 10, 11, 11, '20:24:15', '20:24:15', NULL, NULL, ''),
(298, 10, 12, 12, '20:25:30', '20:25:30', NULL, NULL, ''),
(299, 10, 13, 13, '20:26:30', '20:26:30', NULL, NULL, ''),
(300, 10, 14, 14, '20:28:15', '20:28:45', NULL, NULL, 'ph'),
(301, 10, 15, 15, '20:31:00', '20:31:00', NULL, NULL, ''),
(302, 10, 16, 16, '20:33:30', '20:33:30', NULL, NULL, ''),
(303, 10, 17, 17, '20:35:00', '20:35:00', NULL, NULL, ''),
(304, 10, 18, 18, '20:37:15', '20:37:45', NULL, NULL, 'ph'),
(305, 10, 19, 19, '20:39:00', '20:39:00', NULL, NULL, ''),
(306, 10, 20, 20, '20:40:15', '20:40:15', NULL, NULL, ''),
(307, 10, 21, 21, '20:41:30', '20:41:30', NULL, NULL, ''),
(308, 10, 22, 22, '20:43:00', '20:43:30', NULL, NULL, 'ph'),
(309, 10, 23, 23, '20:44:30', '20:44:30', NULL, NULL, ''),
(310, 10, 24, 24, '20:45:30', '20:45:30', NULL, NULL, ''),
(311, 10, 35, 25, '20:48:30', '20:48:30', NULL, NULL, ''),
(312, 10, 55, 26, '20:49:15', '20:49:15', NULL, NULL, ''),
(313, 10, 36, 27, '20:50:00', '20:50:30', NULL, NULL, 'ph'),
(314, 10, 37, 28, '20:52:15', '20:52:15', NULL, NULL, ''),
(315, 10, 38, 29, '20:53:30', '20:53:30', NULL, NULL, ''),
(316, 10, 39, 30, '20:54:30', '20:54:30', NULL, NULL, ''),
(317, 10, 40, 31, '20:56:15', '20:56:45', NULL, NULL, 'ph'),
(318, 10, 41, 32, '20:58:45', '20:58:45', NULL, NULL, ''),
(319, 10, 42, 33, '21:00:30', '21:00:30', NULL, NULL, ''),
(320, 10, 43, 34, '21:02:00', '21:02:00', NULL, NULL, ''),
(321, 10, 44, 35, '21:03:15', '21:03:15', NULL, NULL, ''),
(322, 10, 45, 36, '21:04:45', '21:04:45', NULL, NULL, ''),
(323, 10, 46, 37, '21:06:15', '21:06:45', NULL, NULL, 'ph'),
(324, 10, 47, 38, '21:08:15', '21:08:15', NULL, NULL, ''),
(325, 10, 48, 39, '21:10:00', '21:10:00', NULL, NULL, ''),
(326, 10, 49, 40, '21:11:45', '21:11:45', NULL, NULL, ''),
(327, 10, 54, 41, '21:13:15', '21:13:15', NULL, NULL, ''),
(328, 10, 57, 42, '21:16:00', '21:16:30', NULL, NULL, 'ph'),
(329, 10, 58, 43, '21:18:15', '21:18:15', NULL, NULL, ''),
(330, 10, 59, 44, '21:19:45', '21:19:45', NULL, NULL, ''),
(331, 10, 60, 45, '21:22:00', '21:22:00', NULL, NULL, ''),
(332, 10, 61, 46, '21:26:00', '21:26:30', NULL, NULL, 'ph'),
(333, 10, 62, 47, '21:26:00', NULL, NULL, NULL, ''),
(334, 11, 1, 1, NULL, '23:55:00', NULL, NULL, ''),
(335, 11, 2, 2, '23:55:45', '23:56:15', NULL, NULL, 'ph'),
(336, 11, 3, 3, '23:57:00', '23:57:30', NULL, NULL, 'ph'),
(337, 11, 4, 4, '23:58:30', '23:59:00', NULL, NULL, 'ph'),
(338, 11, 5, 5, '00:01:00', '00:01:00', NULL, NULL, ''),
(339, 11, 6, 6, '00:01:30', '00:02:00', NULL, NULL, 'ph'),
(340, 11, 7, 7, '00:03:30', '00:04:00', NULL, NULL, 'ph'),
(341, 11, 8, 8, '00:05:15', '00:05:45', NULL, NULL, 'ph'),
(342, 11, 9, 9, '00:06:45', '00:06:45', NULL, NULL, ''),
(343, 11, 10, 10, '00:07:45', '00:08:15', NULL, NULL, 'ph'),
(344, 11, 11, 11, '00:09:15', '00:09:15', NULL, NULL, ''),
(345, 11, 12, 12, '00:10:30', '00:11:00', NULL, NULL, 'ph'),
(346, 11, 13, 13, '00:12:00', '00:12:30', NULL, NULL, 'ph'),
(347, 11, 14, 14, '00:14:15', '00:14:45', NULL, NULL, 'ph'),
(348, 11, 15, 15, '00:17:00', '00:17:30', NULL, NULL, 'ph'),
(349, 11, 16, 16, '00:20:00', '00:20:30', NULL, NULL, 'ph'),
(350, 11, 17, 17, '00:22:00', '00:22:30', NULL, NULL, 'ph'),
(351, 11, 18, 18, '00:24:45', '00:25:15', NULL, NULL, 'ph'),
(352, 11, 19, 19, '00:26:30', '00:26:30', NULL, NULL, ''),
(353, 11, 20, 20, '00:27:45', '00:27:45', NULL, NULL, ''),
(354, 11, 21, 21, '00:29:00', '00:29:30', NULL, NULL, 'ph'),
(355, 11, 22, 22, '00:31:00', '00:31:30', NULL, NULL, 'ph'),
(356, 11, 23, 23, '00:32:30', '00:32:30', NULL, NULL, ''),
(357, 11, 24, 24, '00:33:30', '00:33:30', NULL, NULL, ''),
(358, 11, 25, 25, '00:34:45', '00:35:15', NULL, NULL, 'ph'),
(359, 11, 26, 26, '00:38:00', '00:38:30', NULL, NULL, 'ph'),
(360, 11, 27, 27, '00:40:30', '00:40:30', NULL, NULL, ''),
(361, 11, 28, 28, '00:43:15', '00:43:45', NULL, NULL, 'ph'),
(362, 11, 56, 29, '00:45:00', '00:45:30', NULL, NULL, 'ph'),
(363, 11, 29, 30, '00:47:45', NULL, NULL, NULL, ''),
(364, 12, 29, 1, NULL, '01:33:00', NULL, NULL, ''),
(365, 12, 30, 2, '01:35:00', '01:35:00', NULL, NULL, ''),
(366, 12, 31, 3, '01:37:00', '01:37:00', NULL, NULL, ''),
(367, 12, 32, 4, '01:38:15', '01:38:15', NULL, NULL, ''),
(368, 12, 26, 5, '01:39:45', '01:40:15', NULL, NULL, 'ph'),
(369, 12, 25, 6, '01:42:00', '01:42:30', NULL, NULL, 'ph'),
(370, 12, 35, 7, '01:43:30', '01:43:30', NULL, NULL, ''),
(371, 12, 36, 8, '01:43:30', '01:44:00', NULL, NULL, 'ph'),
(372, 12, 37, 9, '01:45:45', '01:46:15', NULL, NULL, 'ph'),
(373, 12, 38, 10, '01:47:30', '01:48:00', NULL, NULL, 'ph'),
(374, 12, 39, 11, '01:49:00', '01:49:30', NULL, NULL, 'ph'),
(375, 12, 40, 12, '01:51:15', NULL, NULL, NULL, 'ph'),
(376, 13, 29, 1, NULL, '01:48:00', NULL, NULL, ''),
(377, 13, 30, 2, '01:50:00', '01:50:00', NULL, NULL, ''),
(378, 13, 31, 3, '01:52:00', '01:52:00', NULL, NULL, ''),
(379, 13, 32, 4, '01:53:15', '01:53:15', NULL, NULL, ''),
(380, 13, 26, 5, '01:54:45', '01:55:15', NULL, NULL, 'ph'),
(381, 13, 25, 6, '01:57:00', '01:57:30', NULL, NULL, 'ph'),
(382, 13, 35, 7, '01:58:30', '01:58:30', NULL, NULL, ''),
(383, 13, 36, 8, '01:58:30', '01:59:00', NULL, NULL, 'ph'),
(384, 13, 37, 9, '02:00:45', '02:01:15', NULL, NULL, 'ph'),
(385, 13, 38, 10, '02:02:30', '02:03:00', NULL, NULL, 'ph'),
(386, 13, 39, 11, '02:04:00', '02:04:30', NULL, NULL, 'ph'),
(387, 13, 40, 12, '02:06:15', NULL, NULL, NULL, ''),
(388, 14, 46, 1, NULL, '06:48:00', NULL, NULL, ''),
(389, 14, 45, 2, '06:49:30', '06:50:00', NULL, NULL, 'ph'),
(390, 14, 44, 3, '06:51:30', '06:52:00', NULL, NULL, 'ph'),
(391, 14, 43, 4, '06:53:15', '06:53:45', NULL, NULL, 'ph'),
(392, 14, 42, 5, '06:55:15', '06:55:45', NULL, NULL, 'ph'),
(393, 14, 41, 6, '06:57:30', '06:58:00', NULL, NULL, 'ph'),
(394, 14, 40, 7, '07:00:00', '07:00:30', NULL, NULL, 'ph'),
(395, 14, 39, 8, '07:02:15', '07:02:45', NULL, NULL, 'ph'),
(396, 14, 38, 9, '07:03:45', '07:04:15', NULL, NULL, 'ph'),
(397, 14, 37, 10, '07:05:30', '07:06:00', NULL, NULL, 'ph'),
(398, 14, 36, 11, '07:07:45', '07:08:15', NULL, NULL, 'ph'),
(399, 14, 55, 12, '07:09:00', '07:09:30', NULL, NULL, 'ph'),
(400, 14, 35, 13, '07:10:15', '07:10:15', NULL, NULL, ''),
(401, 14, 25, 14, '07:11:15', '07:11:45', NULL, NULL, 'ph'),
(402, 14, 26, 15, '07:13:30', '07:14:00', NULL, NULL, 'ph'),
(403, 14, 32, 16, '07:15:30', '07:15:30', NULL, NULL, ''),
(404, 14, 31, 17, '07:16:45', '07:16:45', NULL, NULL, ''),
(405, 14, 30, 18, '07:18:45', '07:18:45', NULL, NULL, ''),
(406, 14, 29, 19, '07:20:45', NULL, NULL, NULL, ''),
(407, 15, 61, 1, NULL, '20:04:00', NULL, NULL, ''),
(408, 15, 60, 2, '20:07:30', '20:07:30', NULL, NULL, ''),
(409, 15, 59, 3, '20:09:45', '20:09:45', NULL, NULL, ''),
(410, 15, 58, 4, '20:11:15', '20:11:15', NULL, NULL, ''),
(411, 15, 57, 5, '20:13:00', '20:13:30', NULL, NULL, 'ph'),
(412, 15, 54, 6, '20:16:15', '20:16:45', NULL, NULL, 'ph'),
(413, 15, 49, 7, '20:18:15', '20:18:15', NULL, NULL, ''),
(414, 15, 48, 8, '20:20:00', '20:20:00', NULL, NULL, ''),
(415, 15, 47, 9, '20:21:45', '20:21:45', NULL, NULL, ''),
(416, 15, 46, 10, '20:23:15', '20:23:45', NULL, NULL, 'ph'),
(417, 15, 45, 11, '20:25:15', '20:25:15', NULL, NULL, ''),
(418, 15, 44, 12, '20:26:45', '20:27:15', NULL, NULL, 'ph'),
(419, 15, 43, 13, '20:28:30', '20:28:30', NULL, NULL, ''),
(420, 15, 42, 14, '20:30:00', '20:30:00', NULL, NULL, ''),
(421, 15, 41, 15, '20:31:45', '20:31:45', NULL, NULL, ''),
(422, 15, 40, 16, '20:33:45', '20:34:15', NULL, NULL, 'ph'),
(423, 15, 39, 17, '20:36:00', '20:36:00', NULL, NULL, ''),
(424, 15, 38, 18, '20:37:00', '20:37:00', NULL, NULL, ''),
(425, 15, 37, 19, '20:38:15', '20:38:15', NULL, NULL, ''),
(426, 15, 36, 20, '20:40:00', '20:40:30', NULL, NULL, 'ph'),
(427, 15, 55, 21, '20:41:15', '20:41:15', NULL, NULL, ''),
(428, 15, 35, 22, '20:42:00', '20:42:00', NULL, NULL, ''),
(429, 15, 24, 23, '20:45:00', '20:45:00', NULL, NULL, ''),
(430, 15, 23, 24, '20:46:00', '20:46:00', NULL, NULL, ''),
(431, 15, 22, 25, '20:47:00', '20:47:30', NULL, NULL, 'ph'),
(432, 15, 21, 26, '20:49:00', '20:49:00', NULL, NULL, ''),
(433, 15, 20, 27, '20:50:15', '20:50:15', NULL, NULL, ''),
(434, 15, 19, 28, '20:51:30', '20:51:30', NULL, NULL, ''),
(435, 15, 18, 29, '20:52:45', '20:53:15', NULL, NULL, 'ph'),
(436, 15, 17, 30, '20:55:30', '20:55:30', NULL, NULL, ''),
(437, 15, 16, 31, '20:57:00', '20:57:00', NULL, NULL, ''),
(438, 15, 15, 32, '20:59:30', '20:59:30', NULL, NULL, ''),
(439, 15, 14, 33, '21:01:45', '21:02:15', NULL, NULL, 'ph'),
(440, 15, 13, 34, '21:04:00', '21:04:00', NULL, NULL, ''),
(441, 15, 12, 35, '21:05:00', '21:05:00', NULL, NULL, ''),
(442, 15, 11, 36, '21:06:15', '21:06:15', NULL, NULL, ''),
(443, 15, 10, 37, '21:07:15', '21:07:45', NULL, NULL, 'ph'),
(444, 15, 9, 38, '21:08:45', '21:08:45', NULL, NULL, ''),
(445, 15, 8, 39, '21:09:45', '21:09:45', NULL, NULL, ''),
(446, 15, 7, 40, '21:11:00', '21:11:30', NULL, NULL, 'ph'),
(447, 15, 6, 41, '21:13:00', '21:13:30', NULL, NULL, 'ph'),
(448, 15, 5, 42, '21:14:00', '21:14:30', NULL, NULL, 'ph'),
(449, 15, 4, 43, '21:16:30', '21:17:00', NULL, NULL, 'ph'),
(450, 15, 3, 44, '21:18:00', '21:18:30', NULL, NULL, 'ph'),
(451, 15, 2, 45, '21:19:15', NULL, NULL, NULL, ''),
(452, 16, 61, 1, NULL, '20:04:00', NULL, NULL, ''),
(453, 16, 60, 2, '20:07:10', '20:07:10', NULL, NULL, ''),
(454, 16, 59, 3, '20:09:05', '20:09:05', NULL, NULL, ''),
(455, 16, 58, 4, '20:10:15', '20:10:15', NULL, NULL, ''),
(456, 16, 57, 5, '20:11:40', '20:12:10', NULL, NULL, 'ph'),
(457, 16, 54, 6, '20:14:55', '20:15:25', NULL, NULL, 'ph'),
(458, 16, 49, 7, '20:16:55', '20:16:55', NULL, NULL, ''),
(459, 16, 48, 8, '20:18:20', '20:18:20', NULL, NULL, ''),
(460, 16, 47, 9, '20:19:45', '20:19:45', NULL, NULL, ''),
(461, 16, 46, 10, '20:20:55', '20:21:25', NULL, NULL, 'ph'),
(462, 16, 45, 11, '20:22:55', '20:22:55', NULL, NULL, ''),
(463, 16, 44, 12, '20:24:05', '20:24:35', NULL, NULL, 'ph'),
(464, 16, 43, 13, '20:25:50', '20:25:50', NULL, NULL, ''),
(465, 16, 42, 14, '20:27:00', '20:27:00', NULL, NULL, ''),
(466, 16, 41, 15, '20:28:25', '20:28:25', NULL, NULL, ''),
(467, 16, 40, 16, '20:30:05', '20:30:35', NULL, NULL, 'ph'),
(468, 16, 39, 17, '20:32:20', '20:32:20', NULL, NULL, ''),
(469, 16, 38, 18, '20:33:00', '20:33:00', NULL, NULL, ''),
(470, 16, 37, 19, '20:33:55', '20:33:55', NULL, NULL, ''),
(471, 16, 36, 20, '20:35:20', '20:35:50', NULL, NULL, 'ph'),
(472, 16, 55, 21, '20:36:35', '20:36:35', NULL, NULL, ''),
(473, 16, 35, 22, '20:37:00', '20:37:00', NULL, NULL, ''),
(474, 16, 24, 23, '20:39:40', '20:39:40', NULL, NULL, ''),
(475, 16, 23, 24, '20:40:20', '20:40:20', NULL, NULL, ''),
(476, 16, 22, 25, '20:41:00', '20:41:30', NULL, NULL, 'ph'),
(477, 16, 21, 26, '20:43:00', '20:43:00', NULL, NULL, ''),
(478, 16, 20, 27, '20:43:55', '20:43:55', NULL, NULL, ''),
(479, 16, 19, 28, '20:44:50', '20:44:50', NULL, NULL, ''),
(480, 16, 18, 29, '20:45:45', '20:46:15', NULL, NULL, 'ph'),
(481, 16, 17, 30, '20:48:30', '20:48:30', NULL, NULL, ''),
(482, 16, 16, 31, '20:49:40', '20:49:40', NULL, NULL, ''),
(483, 16, 15, 32, '20:51:50', '20:51:50', NULL, NULL, ''),
(484, 16, 14, 33, '20:53:45', '20:54:15', NULL, NULL, 'ph'),
(485, 16, 13, 34, '20:56:00', '20:56:00', NULL, NULL, ''),
(486, 16, 12, 35, '20:56:40', '20:56:40', NULL, NULL, ''),
(487, 16, 11, 36, '20:57:35', '20:57:35', NULL, NULL, ''),
(488, 16, 10, 37, '20:58:15', '20:58:45', NULL, NULL, 'ph'),
(489, 16, 9, 38, '20:59:45', '20:59:45', NULL, NULL, ''),
(490, 16, 8, 39, '21:00:25', '21:00:25', NULL, NULL, ''),
(491, 16, 7, 40, '21:01:20', '21:01:50', NULL, NULL, 'ph'),
(492, 16, 6, 41, '21:03:20', '21:03:50', NULL, NULL, 'ph'),
(493, 16, 5, 42, '21:04:20', '21:04:50', NULL, NULL, 'ph'),
(494, 16, 4, 43, '21:06:50', '21:07:20', NULL, NULL, 'ph'),
(495, 16, 3, 44, '21:08:20', '21:08:50', NULL, NULL, 'ph'),
(496, 16, 2, 45, '21:09:35', NULL, NULL, NULL, ''),
(497, 17, 2, 1, NULL, '21:15:00', NULL, NULL, ''),
(498, 17, 3, 2, '21:15:15', '21:15:45', NULL, NULL, 'ph'),
(499, 17, 4, 3, '21:16:45', '21:17:15', NULL, NULL, 'ph'),
(500, 17, 5, 4, '21:19:15', '21:19:15', NULL, NULL, ''),
(501, 17, 6, 5, '21:19:15', '21:19:45', NULL, NULL, 'ph'),
(502, 17, 7, 6, '21:21:15', '21:21:45', NULL, NULL, 'ph'),
(503, 17, 8, 7, '21:23:00', '21:23:30', NULL, NULL, 'ph'),
(504, 17, 9, 8, '21:24:30', '21:24:30', NULL, NULL, ''),
(505, 17, 10, 9, '21:25:00', '21:25:30', NULL, NULL, 'ph'),
(506, 17, 11, 10, '21:26:30', '21:26:30', NULL, NULL, ''),
(507, 17, 12, 11, '21:27:15', '21:27:45', NULL, NULL, 'ph'),
(508, 17, 13, 12, '21:28:45', '21:29:15', NULL, NULL, 'ph'),
(509, 17, 14, 13, '21:31:00', '21:31:30', NULL, NULL, 'ph'),
(510, 17, 15, 14, '21:33:45', '21:34:15', NULL, NULL, 'ph'),
(511, 17, 16, 15, '21:36:45', '21:37:15', NULL, NULL, 'ph'),
(512, 17, 17, 16, '21:38:45', '21:39:15', NULL, NULL, 'ph'),
(513, 17, 18, 17, '21:41:30', '21:42:00', NULL, NULL, 'ph'),
(514, 17, 19, 18, '21:43:15', '21:43:15', NULL, NULL, ''),
(515, 17, 20, 19, '21:44:00', '21:44:00', NULL, NULL, ''),
(516, 17, 21, 20, '21:44:45', '21:45:15', NULL, NULL, 'ph'),
(517, 17, 22, 21, '21:46:45', '21:47:15', NULL, NULL, 'ph'),
(518, 17, 23, 22, '21:48:15', '21:48:15', NULL, NULL, ''),
(519, 17, 24, 23, '21:48:45', '21:48:45', NULL, NULL, ''),
(520, 17, 25, 24, '21:49:30', '21:50:00', NULL, NULL, 'ph'),
(521, 17, 26, 25, '21:52:45', '21:53:15', NULL, NULL, 'ph'),
(522, 17, 27, 26, '21:55:15', '21:55:15', NULL, NULL, ''),
(523, 17, 28, 27, '21:57:30', '21:58:00', NULL, NULL, 'ph'),
(524, 17, 56, 28, '21:59:15', '21:59:15', NULL, NULL, ''),
(525, 17, 29, 29, '22:01:00', NULL, NULL, NULL, ''),
(526, 18, 29, 1, NULL, '22:25:00', NULL, NULL, ''),
(527, 18, 56, 2, '22:26:45', '22:27:15', NULL, NULL, 'ph'),
(528, 18, 28, 3, '22:28:30', '22:29:00', NULL, NULL, 'ph'),
(529, 18, 63, 4, '22:32:00', NULL, NULL, NULL, ''),
(530, 19, 2, 1, NULL, '18:45:00', NULL, NULL, ''),
(531, 19, 3, 2, '18:45:15', '18:45:15', NULL, NULL, ''),
(532, 19, 4, 3, '18:45:45', '18:45:45', NULL, NULL, ''),
(533, 19, 5, 4, '18:47:15', '18:47:15', NULL, NULL, ''),
(534, 19, 6, 5, '18:47:15', '18:47:45', NULL, NULL, 'ph'),
(535, 19, 7, 6, '18:49:15', '18:49:45', NULL, NULL, 'ph'),
(536, 19, 8, 7, '18:51:00', '18:51:00', NULL, NULL, ''),
(537, 19, 9, 8, '18:51:30', '18:51:30', NULL, NULL, ''),
(538, 19, 10, 9, '18:52:00', '18:52:30', NULL, NULL, 'ph'),
(539, 19, 11, 10, '18:53:30', '18:53:30', NULL, NULL, ''),
(540, 19, 12, 11, '18:54:15', '18:54:15', NULL, NULL, ''),
(541, 19, 13, 12, '18:54:45', '18:54:45', NULL, NULL, ''),
(542, 19, 14, 13, '18:56:00', '18:56:30', NULL, NULL, 'ph'),
(543, 19, 15, 14, '18:58:45', '18:58:45', NULL, NULL, ''),
(544, 19, 16, 15, '19:00:45', '19:00:45', NULL, NULL, ''),
(545, 19, 17, 16, '19:01:45', '19:01:45', NULL, NULL, ''),
(546, 19, 18, 17, '19:03:30', '19:04:00', NULL, NULL, 'ph'),
(547, 19, 19, 18, '19:05:15', '19:05:15', NULL, NULL, ''),
(548, 19, 20, 19, '19:06:00', '19:06:00', NULL, NULL, ''),
(549, 19, 21, 20, '19:06:45', '19:07:15', NULL, NULL, 'ph'),
(550, 19, 22, 21, '19:08:45', '19:08:45', NULL, NULL, ''),
(551, 19, 23, 22, '19:09:15', '19:09:15', NULL, NULL, ''),
(552, 19, 24, 23, '19:09:45', '19:09:45', NULL, NULL, ''),
(553, 19, 25, 24, '19:10:30', '19:11:00', NULL, NULL, 'ph'),
(554, 19, 26, 25, '19:13:45', '19:13:45', NULL, NULL, ''),
(555, 19, 27, 26, '19:15:15', '19:15:15', NULL, NULL, ''),
(556, 19, 28, 27, '19:17:30', '19:17:30', NULL, NULL, ''),
(557, 19, 56, 28, '19:18:15', '19:18:15', NULL, NULL, ''),
(558, 19, 29, 29, '19:20:00', '19:23:30', NULL, NULL, 'ph'),
(559, 19, 30, 30, '19:25:30', '19:25:30', NULL, NULL, ''),
(560, 19, 31, 31, '19:27:00', '19:27:00', NULL, NULL, ''),
(561, 19, 32, 32, '19:27:45', '19:27:45', NULL, NULL, ''),
(562, 19, 26, 33, '19:28:45', '19:28:45', NULL, NULL, ''),
(563, 19, 25, 34, '19:30:00', '19:30:30', NULL, NULL, 'ph'),
(564, 19, 35, 35, '19:31:30', '19:31:30', NULL, NULL, ''),
(565, 19, 36, 36, '19:31:00', '19:31:00', NULL, NULL, ''),
(566, 19, 36, 37, '19:30:30', '19:30:30', NULL, NULL, ''),
(567, 19, 37, 38, '19:31:45', '19:31:45', NULL, NULL, ''),
(568, 19, 38, 39, '19:32:30', '19:32:30', NULL, NULL, ''),
(569, 19, 39, 40, '19:33:00', '19:33:00', NULL, NULL, ''),
(570, 19, 40, 41, '19:34:15', '19:34:45', NULL, NULL, 'ph'),
(571, 19, 41, 42, '19:36:45', '19:36:45', NULL, NULL, ''),
(572, 19, 42, 43, '19:38:00', '19:38:00', NULL, NULL, ''),
(573, 19, 43, 44, '19:39:00', '19:39:00', NULL, NULL, ''),
(574, 19, 44, 45, '19:39:45', '19:40:15', NULL, NULL, 'ph'),
(575, 19, 45, 46, '19:41:45', '19:41:45', NULL, NULL, ''),
(576, 19, 46, 47, '19:42:45', '19:43:15', NULL, NULL, 'ph'),
(577, 19, 47, 48, '19:44:45', '19:44:45', NULL, NULL, ''),
(578, 19, 48, 49, '19:46:00', '19:46:00', NULL, NULL, ''),
(579, 19, 49, 50, '19:47:15', '19:47:15', NULL, NULL, ''),
(580, 19, 54, 51, '19:48:15', '19:48:45', NULL, NULL, 'ph'),
(581, 19, 57, 52, '19:51:30', '19:52:00', NULL, NULL, 'ph'),
(582, 19, 58, 53, '19:53:45', '19:53:45', NULL, NULL, ''),
(583, 19, 59, 54, '19:54:45', '19:54:45', NULL, NULL, ''),
(584, 19, 60, 55, '19:56:30', '19:56:30', NULL, NULL, ''),
(585, 19, 61, 56, '19:59:30', NULL, NULL, NULL, ''),
(586, 20, 1, 1, NULL, '17:52:00', NULL, NULL, ''),
(587, 20, 2, 2, '17:52:10', '17:52:10', NULL, NULL, ''),
(588, 20, 3, 3, '17:52:20', '17:52:20', NULL, NULL, ''),
(589, 20, 4, 4, '17:52:45', '17:52:45', NULL, NULL, ''),
(590, 20, 5, 5, '17:54:10', '17:54:10', NULL, NULL, ''),
(591, 20, 6, 6, '17:54:05', '17:55:05', NULL, NULL, 'ph'),
(592, 20, 7, 7, '17:56:35', '17:56:35', NULL, NULL, ''),
(593, 20, 8, 8, '17:57:15', '17:57:15', NULL, NULL, ''),
(594, 20, 9, 9, '17:57:40', '17:57:40', NULL, NULL, ''),
(595, 20, 10, 10, '17:58:05', '17:58:35', NULL, NULL, 'ph'),
(596, 20, 11, 11, '17:59:35', '17:59:35', NULL, NULL, ''),
(597, 20, 12, 12, '18:00:15', '18:00:15', NULL, NULL, ''),
(598, 20, 13, 13, '18:00:40', '18:00:40', NULL, NULL, ''),
(599, 20, 14, 14, '18:01:50', '18:02:20', NULL, NULL, 'ph'),
(600, 20, 15, 15, '18:04:35', '18:04:35', NULL, NULL, ''),
(601, 20, 16, 16, '18:06:30', '18:06:30', NULL, NULL, ''),
(602, 20, 17, 17, '18:07:25', '18:07:25', NULL, NULL, ''),
(603, 20, 18, 18, '18:09:05', '18:09:35', NULL, NULL, 'ph'),
(604, 20, 19, 19, '18:10:50', '18:10:50', NULL, NULL, ''),
(605, 20, 20, 20, '18:11:30', '18:11:30', NULL, NULL, ''),
(606, 20, 21, 21, '18:12:10', '18:12:10', NULL, NULL, ''),
(607, 20, 22, 22, '18:13:05', '18:13:05', NULL, NULL, ''),
(608, 20, 23, 23, '18:13:30', '18:13:30', NULL, NULL, ''),
(609, 20, 24, 24, '18:13:55', '18:13:55', NULL, NULL, ''),
(610, 20, 35, 25, '18:16:20', '18:16:20', NULL, NULL, ''),
(611, 20, 55, 26, '18:16:30', '18:16:30', NULL, NULL, ''),
(612, 20, 36, 27, '18:16:40', '18:16:40', NULL, NULL, ''),
(613, 20, 37, 28, '18:17:50', '18:17:50', NULL, NULL, ''),
(614, 20, 38, 29, '18:18:30', '18:18:30', NULL, NULL, ''),
(615, 20, 39, 30, '18:18:55', '18:18:55', NULL, NULL, ''),
(616, 20, 40, 31, '18:20:05', '18:21:35', NULL, NULL, 'ph'),
(617, 20, 41, 32, '18:23:35', '18:23:35', NULL, NULL, ''),
(618, 20, 42, 33, '18:24:45', '18:24:45', NULL, NULL, ''),
(619, 20, 43, 34, '18:25:40', '18:25:40', NULL, NULL, ''),
(620, 20, 44, 35, '18:26:20', '18:26:20', NULL, NULL, ''),
(621, 20, 45, 36, '18:27:15', '18:27:15', NULL, NULL, ''),
(622, 20, 46, 37, '18:28:10', '18:28:40', NULL, NULL, 'ph'),
(623, 20, 47, 38, '18:30:10', '18:30:10', NULL, NULL, ''),
(624, 20, 48, 39, '18:31:20', '18:31:20', NULL, NULL, ''),
(625, 20, 49, 40, '18:32:30', '18:32:30', NULL, NULL, ''),
(626, 20, 54, 41, '18:33:25', '18:33:25', NULL, NULL, ''),
(627, 20, 57, 42, '18:35:35', '18:36:05', NULL, NULL, 'ph'),
(628, 20, 58, 43, '18:37:50', '18:37:50', NULL, NULL, ''),
(629, 20, 59, 44, '18:38:45', '18:38:45', NULL, NULL, ''),
(630, 20, 60, 45, '18:40:25', '18:40:25', NULL, NULL, ''),
(631, 20, 61, 46, '18:43:20', NULL, NULL, NULL, ''),
(632, 21, 29, 1, NULL, '20:55:00', NULL, NULL, ''),
(633, 21, 30, 2, '20:56:30', '20:56:30', NULL, NULL, ''),
(634, 21, 31, 3, '20:58:00', '20:58:00', NULL, NULL, ''),
(635, 21, 32, 4, '20:58:45', '20:58:45', NULL, NULL, ''),
(636, 21, 26, 5, '20:59:45', '20:59:45', NULL, NULL, ''),
(637, 21, 25, 6, '21:01:00', '21:01:30', NULL, NULL, 'ph'),
(638, 21, 35, 7, '21:02:30', '21:02:30', NULL, NULL, ''),
(639, 21, 36, 8, '21:02:00', '21:02:00', NULL, NULL, ''),
(640, 21, 37, 9, '21:03:15', '21:03:45', NULL, NULL, 'ph'),
(641, 21, 38, 10, '21:05:00', '21:05:00', NULL, NULL, ''),
(642, 21, 39, 11, '21:05:30', '21:05:30', NULL, NULL, ''),
(643, 21, 40, 12, '21:06:45', '21:07:15', NULL, NULL, 'ph'),
(644, 21, 41, 13, '21:09:15', '21:09:15', NULL, NULL, ''),
(645, 21, 42, 14, '21:10:30', '21:10:30', NULL, NULL, ''),
(646, 21, 43, 15, '21:11:30', '21:11:30', NULL, NULL, ''),
(647, 21, 44, 16, '21:12:15', '21:12:45', NULL, NULL, 'ph'),
(648, 21, 45, 17, '21:14:15', '21:14:15', NULL, NULL, ''),
(649, 21, 46, 18, '21:15:15', '21:15:45', NULL, NULL, 'ph'),
(650, 21, 47, 19, '21:17:15', '21:17:15', NULL, NULL, ''),
(651, 21, 48, 20, '21:18:30', '21:18:30', NULL, NULL, ''),
(652, 21, 49, 21, '21:19:45', '21:19:45', NULL, NULL, ''),
(653, 21, 54, 22, '21:20:45', '21:21:15', NULL, NULL, 'ph'),
(654, 21, 57, 23, '21:24:00', '21:24:30', NULL, NULL, 'ph'),
(655, 21, 58, 24, '21:26:15', '21:26:15', NULL, NULL, ''),
(656, 21, 59, 25, '21:27:15', '21:27:15', NULL, NULL, ''),
(657, 21, 60, 26, '21:29:00', '21:29:00', NULL, NULL, ''),
(658, 21, 61, 27, '21:32:00', NULL, NULL, NULL, ''),
(659, 22, 61, 1, NULL, '11:24:00', NULL, NULL, ''),
(660, 22, 60, 2, '11:27:00', '11:27:30', NULL, NULL, 'ph'),
(661, 22, 59, 3, '11:29:45', '11:30:15', NULL, NULL, 'ph'),
(662, 22, 58, 4, '11:31:45', '11:32:15', NULL, NULL, 'ph'),
(663, 22, 57, 5, '11:34:00', '11:34:30', NULL, NULL, 'ph'),
(664, 22, 54, 6, '11:37:15', '11:37:45', NULL, NULL, 'ph'),
(665, 22, 49, 7, '11:39:15', '11:39:45', NULL, NULL, 'ph'),
(666, 22, 48, 8, '11:41:30', '11:42:00', NULL, NULL, 'ph'),
(667, 22, 47, 9, '11:43:45', '11:44:15', NULL, NULL, 'ph'),
(668, 22, 46, 10, '11:45:45', '11:46:15', NULL, NULL, 'ph'),
(669, 22, 45, 11, '11:47:45', '11:48:15', NULL, NULL, 'ph'),
(670, 22, 44, 12, '11:49:45', '11:50:15', NULL, NULL, 'ph'),
(671, 22, 43, 13, '11:51:30', '11:52:00', NULL, NULL, 'ph'),
(672, 22, 42, 14, '11:53:30', '11:54:00', NULL, NULL, 'ph'),
(673, 22, 41, 15, '11:55:45', '11:56:15', NULL, NULL, 'ph'),
(674, 22, 40, 16, '11:58:15', '11:58:45', NULL, NULL, 'ph'),
(675, 22, 39, 17, '12:00:30', '12:01:00', NULL, NULL, 'ph'),
(676, 22, 38, 18, '12:02:00', '12:02:30', NULL, NULL, 'ph'),
(677, 22, 37, 19, '12:03:45', '12:04:15', NULL, NULL, 'ph'),
(678, 22, 36, 20, '12:06:00', '12:06:30', NULL, NULL, 'ph'),
(679, 22, 55, 21, '12:07:15', '12:07:45', NULL, NULL, 'ph'),
(680, 22, 35, 22, '12:08:30', '12:08:30', NULL, NULL, ''),
(681, 22, 25, 23, '12:09:00', '12:09:30', NULL, NULL, 'ph'),
(682, 22, 26, 24, '12:11:15', '12:11:45', NULL, NULL, 'ph'),
(683, 22, 32, 25, '12:13:15', '12:13:15', NULL, NULL, ''),
(684, 22, 31, 26, '12:14:00', '12:14:00', NULL, NULL, ''),
(685, 22, 30, 27, '12:15:30', '12:15:30', NULL, NULL, ''),
(686, 22, 29, 28, '12:17:00', NULL, NULL, NULL, ''),
(687, 23, 29, 1, NULL, '12:54:00', NULL, NULL, ''),
(688, 23, 30, 2, '12:55:30', '12:55:30', NULL, NULL, ''),
(689, 23, 31, 3, '12:57:00', '12:57:00', NULL, NULL, ''),
(690, 23, 32, 4, '12:57:45', '12:57:45', NULL, NULL, ''),
(691, 23, 26, 5, '12:58:45', '12:58:45', NULL, NULL, ''),
(692, 23, 25, 6, '13:01:00', '13:02:00', NULL, NULL, 'ph'),
(693, 23, 35, 7, '13:03:00', '13:03:00', NULL, NULL, ''),
(694, 23, 36, 8, '13:02:30', '13:02:30', NULL, NULL, ''),
(695, 23, 37, 9, '13:03:30', '13:03:30', NULL, NULL, ''),
(696, 23, 38, 10, '13:04:15', '13:04:15', NULL, NULL, ''),
(697, 23, 39, 11, '13:04:45', '13:04:45', NULL, NULL, ''),
(698, 23, 40, 12, '13:05:30', '13:06:30', NULL, NULL, 'ph'),
(699, 23, 41, 13, '13:08:30', '13:08:30', NULL, NULL, ''),
(700, 23, 42, 14, '13:09:45', '13:09:45', NULL, NULL, ''),
(701, 23, 43, 15, '13:10:30', '13:10:30', NULL, NULL, ''),
(702, 23, 44, 16, '13:11:00', '13:11:00', NULL, NULL, ''),
(703, 23, 45, 17, '13:12:00', '13:12:00', NULL, NULL, ''),
(704, 23, 46, 18, '13:12:45', '13:13:45', NULL, NULL, 'ph'),
(705, 23, 47, 19, '13:15:00', '13:15:00', NULL, NULL, ''),
(706, 23, 48, 20, '13:16:00', '13:16:00', NULL, NULL, ''),
(707, 23, 49, 21, '13:17:00', '13:17:00', NULL, NULL, ''),
(708, 23, 54, 22, '13:18:00', '13:18:00', NULL, NULL, ''),
(709, 23, 57, 23, '13:19:45', '13:20:45', NULL, NULL, 'ph'),
(710, 23, 58, 24, '13:22:00', '13:22:00', NULL, NULL, ''),
(711, 23, 59, 25, '13:22:45', '13:22:45', NULL, NULL, ''),
(712, 23, 60, 26, '13:24:00', '13:24:00', NULL, NULL, ''),
(713, 23, 61, 27, '13:26:30', NULL, NULL, NULL, ''),
(714, 24, 61, 1, NULL, '19:25:00', NULL, NULL, ''),
(715, 24, 60, 2, '19:27:30', '19:27:30', NULL, NULL, ''),
(716, 24, 59, 3, '19:28:45', '19:28:45', NULL, NULL, ''),
(717, 24, 58, 4, '19:29:30', '19:29:30', NULL, NULL, ''),
(718, 24, 57, 5, '19:30:15', '19:31:15', NULL, NULL, 'ph'),
(719, 24, 54, 6, '19:33:30', '19:33:30', NULL, NULL, ''),
(720, 24, 49, 7, '19:34:30', '19:34:30', NULL, NULL, ''),
(721, 24, 48, 8, '19:35:30', '19:35:30', NULL, NULL, ''),
(722, 24, 47, 9, '19:36:30', '19:36:30', NULL, NULL, ''),
(723, 24, 46, 10, '19:37:15', '19:38:15', NULL, NULL, 'ph'),
(724, 24, 45, 11, '19:39:30', '19:39:30', NULL, NULL, ''),
(725, 24, 44, 12, '19:40:30', '19:40:30', NULL, NULL, ''),
(726, 24, 43, 13, '19:41:00', '19:41:00', NULL, NULL, ''),
(727, 24, 42, 14, '19:41:45', '19:41:45', NULL, NULL, ''),
(728, 24, 41, 15, '19:43:00', '19:43:00', NULL, NULL, ''),
(729, 24, 40, 16, '19:44:30', '19:45:30', NULL, NULL, 'ph'),
(730, 24, 39, 17, '19:46:45', '19:46:45', NULL, NULL, ''),
(731, 24, 38, 18, '19:47:15', '19:47:15', NULL, NULL, ''),
(732, 24, 37, 19, '19:48:00', '19:48:00', NULL, NULL, ''),
(733, 24, 36, 20, '19:49:00', '19:49:00', NULL, NULL, ''),
(734, 24, 55, 21, '19:49:15', '19:49:15', NULL, NULL, ''),
(735, 24, 35, 22, '19:49:30', '19:49:30', NULL, NULL, ''),
(736, 24, 25, 23, '19:50:00', '19:51:00', NULL, NULL, 'ph'),
(737, 24, 26, 24, '19:53:45', '19:53:45', NULL, NULL, ''),
(738, 24, 32, 25, '19:54:45', '19:54:45', NULL, NULL, ''),
(739, 24, 31, 26, '19:55:30', '19:55:30', NULL, NULL, ''),
(740, 24, 30, 27, '19:57:00', '19:57:00', NULL, NULL, ''),
(741, 24, 29, 28, '19:58:30', '20:01:30', NULL, NULL, 'ph'),
(742, 24, 56, 29, '20:03:45', '20:03:45', NULL, NULL, ''),
(743, 24, 28, 30, '20:04:30', '20:04:30', NULL, NULL, ''),
(744, 24, 27, 31, '20:06:45', '20:06:45', NULL, NULL, ''),
(745, 24, 26, 32, '20:08:15', '20:08:15', NULL, NULL, ''),
(746, 24, 25, 33, '20:10:30', '20:11:30', NULL, NULL, 'ph'),
(747, 24, 24, 34, '20:12:45', '20:12:45', NULL, NULL, ''),
(748, 24, 23, 35, '20:13:15', '20:13:15', NULL, NULL, ''),
(749, 24, 22, 36, '20:13:45', '20:13:45', NULL, NULL, ''),
(750, 24, 21, 37, '20:14:45', '20:14:45', NULL, NULL, ''),
(751, 24, 20, 38, '20:15:30', '20:15:30', NULL, NULL, ''),
(752, 24, 19, 39, '20:16:15', '20:16:15', NULL, NULL, ''),
(753, 24, 18, 40, '20:17:00', '20:18:00', NULL, NULL, 'ph'),
(754, 24, 17, 41, '20:20:15', '20:20:15', NULL, NULL, ''),
(755, 24, 16, 42, '20:21:15', '20:21:15', NULL, NULL, ''),
(756, 24, 15, 43, '20:23:15', '20:23:15', NULL, NULL, ''),
(757, 24, 14, 44, '20:25:00', '20:25:00', NULL, NULL, ''),
(758, 24, 13, 45, '20:26:15', '20:26:15', NULL, NULL, ''),
(759, 24, 12, 46, '20:26:45', '20:26:45', NULL, NULL, ''),
(760, 24, 11, 47, '20:27:30', '20:27:30', NULL, NULL, ''),
(761, 24, 10, 48, '20:28:00', '20:28:00', NULL, NULL, ''),
(762, 24, 9, 49, '20:28:30', '20:28:30', NULL, NULL, ''),
(763, 24, 8, 50, '20:29:00', '20:29:00', NULL, NULL, ''),
(764, 24, 7, 51, '20:29:45', '20:29:45', NULL, NULL, ''),
(765, 24, 6, 52, '20:30:45', '20:31:45', NULL, NULL, 'ph'),
(766, 24, 5, 53, '20:32:15', '20:32:15', NULL, NULL, ''),
(767, 24, 4, 54, '20:33:45', '20:33:45', NULL, NULL, ''),
(768, 24, 3, 55, '20:34:15', '20:34:15', NULL, NULL, ''),
(769, 24, 2, 56, '20:34:30', NULL, NULL, NULL, ''),
(770, 25, 2, 1, NULL, '17:38:00', NULL, NULL, ''),
(771, 25, 3, 2, '17:38:15', '17:38:15', NULL, NULL, ''),
(772, 25, 4, 3, '17:38:45', '17:38:45', NULL, NULL, ''),
(773, 25, 5, 4, '17:40:15', '17:40:15', NULL, NULL, ''),
(774, 25, 6, 5, '17:40:15', '17:41:15', NULL, NULL, 'ph'),
(775, 25, 7, 6, '17:42:45', '17:42:45', NULL, NULL, ''),
(776, 25, 8, 7, '17:43:30', '17:43:30', NULL, NULL, ''),
(777, 25, 9, 8, '17:44:00', '17:44:00', NULL, NULL, ''),
(778, 25, 10, 9, '17:44:30', '17:44:30', NULL, NULL, ''),
(779, 25, 11, 10, '17:45:00', '17:45:00', NULL, NULL, ''),
(780, 25, 12, 11, '17:45:45', '17:45:45', NULL, NULL, ''),
(781, 25, 13, 12, '17:46:15', '17:46:15', NULL, NULL, ''),
(782, 25, 14, 13, '17:47:30', '17:47:30', NULL, NULL, ''),
(783, 25, 15, 14, '17:49:15', '17:49:15', NULL, NULL, ''),
(784, 25, 16, 15, '17:51:15', '17:51:15', NULL, NULL, ''),
(785, 25, 17, 16, '17:52:15', '17:52:15', NULL, NULL, ''),
(786, 25, 18, 17, '17:54:00', '17:54:00', NULL, NULL, ''),
(787, 25, 19, 18, '17:54:45', '17:54:45', NULL, NULL, ''),
(788, 25, 20, 19, '17:55:30', '17:55:30', NULL, NULL, ''),
(789, 25, 21, 20, '17:56:15', '17:56:15', NULL, NULL, ''),
(790, 25, 22, 21, '17:57:15', '17:57:15', NULL, NULL, ''),
(791, 25, 23, 22, '17:57:45', '17:57:45', NULL, NULL, ''),
(792, 25, 24, 23, '17:58:15', '17:58:15', NULL, NULL, ''),
(793, 25, 25, 24, '17:59:00', '18:00:00', NULL, NULL, 'ph'),
(794, 25, 26, 25, '18:02:45', '18:02:45', NULL, NULL, ''),
(795, 25, 27, 26, '18:04:15', '18:04:15', NULL, NULL, ''),
(796, 25, 28, 27, '18:06:30', '18:06:30', NULL, NULL, ''),
(797, 25, 56, 28, '18:07:15', '18:07:15', NULL, NULL, ''),
(798, 25, 29, 29, '18:09:00', '18:12:00', NULL, NULL, 'ph'),
(799, 25, 30, 30, '18:14:00', '18:14:00', NULL, NULL, ''),
(800, 25, 31, 31, '18:15:30', '18:15:30', NULL, NULL, ''),
(801, 25, 32, 32, '18:16:15', '18:16:15', NULL, NULL, ''),
(802, 25, 26, 33, '18:17:15', '18:17:15', NULL, NULL, ''),
(803, 25, 25, 34, '18:19:30', '18:20:30', NULL, NULL, 'ph'),
(804, 25, 35, 35, '18:21:30', '18:21:30', NULL, NULL, ''),
(805, 25, 36, 36, '18:21:00', '18:21:00', NULL, NULL, ''),
(806, 25, 36, 37, '18:20:30', '18:20:30', NULL, NULL, ''),
(807, 25, 37, 38, '18:21:30', '18:21:30', NULL, NULL, ''),
(808, 25, 38, 39, '18:22:15', '18:22:15', NULL, NULL, ''),
(809, 25, 39, 40, '18:22:45', '18:22:45', NULL, NULL, ''),
(810, 25, 40, 41, '18:23:30', '18:23:30', NULL, NULL, ''),
(811, 25, 41, 42, '18:25:00', '18:25:00', NULL, NULL, ''),
(812, 25, 42, 43, '18:26:15', '18:26:15', NULL, NULL, ''),
(813, 25, 43, 44, '18:27:00', '18:27:00', NULL, NULL, ''),
(814, 25, 44, 45, '18:27:30', '18:27:30', NULL, NULL, ''),
(815, 25, 45, 46, '18:28:30', '18:28:30', NULL, NULL, ''),
(816, 25, 46, 47, '18:29:15', '18:29:15', NULL, NULL, ''),
(817, 25, 47, 48, '18:30:00', '18:30:00', NULL, NULL, ''),
(818, 25, 48, 49, '18:31:00', '18:31:00', NULL, NULL, ''),
(819, 25, 49, 50, '18:32:00', '18:32:00', NULL, NULL, ''),
(820, 25, 54, 51, '18:33:00', '18:33:00', NULL, NULL, ''),
(821, 25, 57, 52, '18:34:45', '18:34:45', NULL, NULL, ''),
(822, 25, 58, 53, '18:35:30', '18:35:30', NULL, NULL, ''),
(823, 25, 59, 54, '18:36:15', '18:36:15', NULL, NULL, ''),
(824, 25, 60, 55, '18:37:30', '18:37:30', NULL, NULL, ''),
(825, 25, 61, 56, '18:40:00', NULL, NULL, NULL, '');

-- --------------------------------------------------------

--
-- Struktura tabeli dla tabeli `trasy`
--

CREATE TABLE `trasy` (
  `id_trasy` int(11) NOT NULL,
  `nazwa_trasy` varchar(255) DEFAULT NULL,
  `id_stacji_poczatkowej` int(11) DEFAULT NULL,
  `id_stacji_koncowej` int(11) DEFAULT NULL
) ENGINE=InnoDB DEFAULT CHARSET=utf8mb4 COLLATE=utf8mb4_polish_ci;

--
-- Dumping data for table `trasy`
--

INSERT INTO `trasy` (`id_trasy`, `nazwa_trasy`, `id_stacji_poczatkowej`, `id_stacji_koncowej`) VALUES
(1, 'Świnoujście Port - Szczecin Główny', 1, 29),
(2, 'Kamień Pomorski - Wysoka Kamieńska', 53, 14),
(3, 'Wysoka Kamieńska - Kamień Pomorski', 14, 53),
(4, 'Szczecin Główny - Świnoujście Port', 29, 1),
(5, 'Drawski Młyn- Szczecin Główny', 62, 29),
(6, 'Szczecin Główny - Drawski Młyn', 29, 62),
(7, 'Świnoujście Port - Drawski Młyn', 1, 62),
(8, 'Drawski Młyn- Świnoujście Port', 62, 1),
(9, 'Świnoujście Port - Drawski Młyn (przez SDA,SDC)', 1, 62),
(10, 'Drawski Młyn- Świnoujście Port (bez Szczecina)', 62, 1),
(11, 'Kamień Pomorski - Szczecin Główny', 53, 29),
(12, 'Szczecin Główny - Kamień Pomorski', 29, 53),
(14, 'Choszczno- Szczecin Główny', 46, 29),
(18, 'Kamień Pomorski- Drawski Młyn (przez SDA, SDC)', 53, 62),
(19, 'Szczecin Główny- Choszczno', 29, 46),
(20, 'Szczecin Główny- Stargard', 29, 40),
(21, 'Krzyż- Świnoujście (bez Szczecina)', 61, 2),
(22, 'Świnoujście- Szczecin Główny', 2, 29),
(23, 'Szczecin Główny- Szczecin Podjuchy', 29, 63),
(24, 'Szczecin Dąbie- Szczecin Podjuchy', 25, 63),
(25, 'Świnoujście- Krzyż', 2, 61),
(26, 'Świnoujście- Krzyż (przez SDA, SDC)', 1, 61),
(27, 'Szczecin Główny- Krzyż', 29, 61),
(28, 'Krzyż- Szczecin Główny', 61, 29),
(29, 'Krzyż- Świnoujście', 61, 2);

-- --------------------------------------------------------

--
-- Struktura tabeli dla tabeli `typy_pociagow`
--

CREATE TABLE `typy_pociagow` (
  `id_typu` int(11) NOT NULL,
  `id_przewoznika` int(11) NOT NULL,
  `skrot` varchar(10) NOT NULL,
  `pelna_nazwa` varchar(255) NOT NULL,
  `kolor_czcionki` varchar(20) DEFAULT NULL
) ENGINE=InnoDB DEFAULT CHARSET=utf8mb4 COLLATE=utf8mb4_polish_ci;

--
-- Dumping data for table `typy_pociagow`
--

INSERT INTO `typy_pociagow` (`id_typu`, `id_przewoznika`, `skrot`, `pelna_nazwa`, `kolor_czcionki`) VALUES
(1, 1, 'IC', 'InterCity', 'red'),
(2, 1, 'TLK', 'Twoje Linie Kolejowe', 'red'),
(3, 1, 'EIC', 'Express InterCity', 'red'),
(4, 1, 'EIP', 'Express InterCity Premium', 'red'),
(5, 1, 'P', 'Premium', 'red'),
(6, 2, 'R', 'REGIO', NULL),
(7, 2, 'RP', 'przyspieszony pociąg REGIO', NULL),
(8, 1, 'PWJ', 'służbowy', NULL);

-- --------------------------------------------------------

--
-- Struktura tabeli dla tabeli `typy_stacji`
--

CREATE TABLE `typy_stacji` (
  `id_typu_stacji` int(11) NOT NULL,
  `nazwa_typu_stacji` varchar(255) DEFAULT NULL,
  `skrot_typu_stacji` varchar(20) DEFAULT NULL
) ENGINE=InnoDB DEFAULT CHARSET=utf8mb4 COLLATE=utf8mb4_polish_ci;

--
-- Dumping data for table `typy_stacji`
--

INSERT INTO `typy_stacji` (`id_typu_stacji`, `nazwa_typu_stacji`, `skrot_typu_stacji`) VALUES
(1, 'stacja', 'st.'),
(2, 'przystanek osobowy', 'po.'),
(3, 'posterunek odgałęźny', 'podg.'),
(4, 'posterunek odstępowy', 'ods');

--
-- Indeksy dla zrzutów tabel
--

--
-- Indeksy dla tabeli `odcinki`
--
ALTER TABLE `odcinki`
  ADD PRIMARY KEY (`id_odcinka`),
  ADD UNIQUE KEY `unikalny_odcinek` (`id_stacji_A`,`id_stacji_B`),
  ADD KEY `odcinki_ibfk_2` (`id_stacji_B`);

--
-- Indeksy dla tabeli `ostrzezenia`
--
ALTER TABLE `ostrzezenia`
  ADD PRIMARY KEY (`id_ostrzezenia`);

--
-- Indeksy dla tabeli `postoje`
--
ALTER TABLE `postoje`
  ADD PRIMARY KEY (`id_postoj`);

--
-- Indeksy dla tabeli `przejazdy`
--
ALTER TABLE `przejazdy`
  ADD PRIMARY KEY (`id_przejazdu`),
  ADD KEY `przejazdy_ibfk_1` (`id_trasy`),
  ADD KEY `przejazdy_ibfk_2` (`id_typu_pociagu`);

--
-- Indeksy dla tabeli `przewoznicy`
--
ALTER TABLE `przewoznicy`
  ADD PRIMARY KEY (`id_przewoznika`);

--
-- Indeksy dla tabeli `stacje`
--
ALTER TABLE `stacje`
  ADD PRIMARY KEY (`id_stacji`),
  ADD KEY `stacje_ibfk_1` (`typ_stacji_id`);

--
-- Indeksy dla tabeli `stacje_na_trasie`
--
ALTER TABLE `stacje_na_trasie`
  ADD PRIMARY KEY (`id`),
  ADD KEY `stacje_na_trasie_ibfk_1` (`id_trasy`),
  ADD KEY `stacje_na_trasie_ibfk_2` (`id_stacji`);

--
-- Indeksy dla tabeli `szczegoly_rozkladu`
--
ALTER TABLE `szczegoly_rozkladu`
  ADD PRIMARY KEY (`id_szczegolu`),
  ADD KEY `szczegoly_rozkladu_ibfk_1` (`id_przejazdu`),
  ADD KEY `szczegoly_rozkladu_ibfk_2` (`id_stacji`);

--
-- Indeksy dla tabeli `trasy`
--
ALTER TABLE `trasy`
  ADD PRIMARY KEY (`id_trasy`),
  ADD KEY `trasy_ibfk_1` (`id_stacji_poczatkowej`),
  ADD KEY `trasy_ibfk_2` (`id_stacji_koncowej`);

--
-- Indeksy dla tabeli `typy_pociagow`
--
ALTER TABLE `typy_pociagow`
  ADD PRIMARY KEY (`id_typu`);

--
-- Indeksy dla tabeli `typy_stacji`
--
ALTER TABLE `typy_stacji`
  ADD PRIMARY KEY (`id_typu_stacji`);

--
-- AUTO_INCREMENT for dumped tables
--

--
-- AUTO_INCREMENT for table `odcinki`
--
ALTER TABLE `odcinki`
  MODIFY `id_odcinka` int(11) NOT NULL AUTO_INCREMENT, AUTO_INCREMENT=135;

--
-- AUTO_INCREMENT for table `ostrzezenia`
--
ALTER TABLE `ostrzezenia`
  MODIFY `id_ostrzezenia` int(11) NOT NULL AUTO_INCREMENT, AUTO_INCREMENT=11;

--
-- AUTO_INCREMENT for table `postoje`
--
ALTER TABLE `postoje`
  MODIFY `id_postoj` int(11) NOT NULL AUTO_INCREMENT, AUTO_INCREMENT=7;

--
-- AUTO_INCREMENT for table `przejazdy`
--
ALTER TABLE `przejazdy`
  MODIFY `id_przejazdu` int(11) NOT NULL AUTO_INCREMENT, AUTO_INCREMENT=26;

--
-- AUTO_INCREMENT for table `przewoznicy`
--
ALTER TABLE `przewoznicy`
  MODIFY `id_przewoznika` int(11) NOT NULL AUTO_INCREMENT, AUTO_INCREMENT=4;

--
-- AUTO_INCREMENT for table `stacje`
--
ALTER TABLE `stacje`
  MODIFY `id_stacji` int(11) NOT NULL AUTO_INCREMENT, AUTO_INCREMENT=64;

--
-- AUTO_INCREMENT for table `stacje_na_trasie`
--
ALTER TABLE `stacje_na_trasie`
  MODIFY `id` int(11) NOT NULL AUTO_INCREMENT, AUTO_INCREMENT=1260;

--
-- AUTO_INCREMENT for table `szczegoly_rozkladu`
--
ALTER TABLE `szczegoly_rozkladu`
  MODIFY `id_szczegolu` int(11) NOT NULL AUTO_INCREMENT, AUTO_INCREMENT=826;

--
-- AUTO_INCREMENT for table `trasy`
--
ALTER TABLE `trasy`
  MODIFY `id_trasy` int(11) NOT NULL AUTO_INCREMENT, AUTO_INCREMENT=30;

--
-- AUTO_INCREMENT for table `typy_pociagow`
--
ALTER TABLE `typy_pociagow`
  MODIFY `id_typu` int(11) NOT NULL AUTO_INCREMENT, AUTO_INCREMENT=9;

--
-- AUTO_INCREMENT for table `typy_stacji`
--
ALTER TABLE `typy_stacji`
  MODIFY `id_typu_stacji` int(11) NOT NULL AUTO_INCREMENT, AUTO_INCREMENT=5;

--
-- Constraints for dumped tables
--

--
-- Constraints for table `odcinki`
--
ALTER TABLE `odcinki`
  ADD CONSTRAINT `odcinki_ibfk_1` FOREIGN KEY (`id_stacji_A`) REFERENCES `stacje` (`id_stacji`),
  ADD CONSTRAINT `odcinki_ibfk_2` FOREIGN KEY (`id_stacji_B`) REFERENCES `stacje` (`id_stacji`);

--
-- Constraints for table `przejazdy`
--
ALTER TABLE `przejazdy`
  ADD CONSTRAINT `przejazdy_ibfk_1` FOREIGN KEY (`id_trasy`) REFERENCES `trasy` (`id_trasy`),
  ADD CONSTRAINT `przejazdy_ibfk_2` FOREIGN KEY (`id_typu_pociagu`) REFERENCES `typy_pociagow` (`id_typu`);

--
-- Constraints for table `stacje`
--
ALTER TABLE `stacje`
  ADD CONSTRAINT `stacje_ibfk_1` FOREIGN KEY (`typ_stacji_id`) REFERENCES `typy_stacji` (`id_typu_stacji`);

--
-- Constraints for table `stacje_na_trasie`
--
ALTER TABLE `stacje_na_trasie`
  ADD CONSTRAINT `stacje_na_trasie_ibfk_1` FOREIGN KEY (`id_trasy`) REFERENCES `trasy` (`id_trasy`),
  ADD CONSTRAINT `stacje_na_trasie_ibfk_2` FOREIGN KEY (`id_stacji`) REFERENCES `stacje` (`id_stacji`);

--
-- Constraints for table `szczegoly_rozkladu`
--
ALTER TABLE `szczegoly_rozkladu`
  ADD CONSTRAINT `szczegoly_rozkladu_ibfk_1` FOREIGN KEY (`id_przejazdu`) REFERENCES `przejazdy` (`id_przejazdu`) ON DELETE CASCADE,
  ADD CONSTRAINT `szczegoly_rozkladu_ibfk_2` FOREIGN KEY (`id_stacji`) REFERENCES `stacje` (`id_stacji`);

--
-- Constraints for table `trasy`
--
ALTER TABLE `trasy`
  ADD CONSTRAINT `trasy_ibfk_1` FOREIGN KEY (`id_stacji_poczatkowej`) REFERENCES `stacje` (`id_stacji`),
  ADD CONSTRAINT `trasy_ibfk_2` FOREIGN KEY (`id_stacji_koncowej`) REFERENCES `stacje` (`id_stacji`);
COMMIT;

/*!40101 SET CHARACTER_SET_CLIENT=@OLD_CHARACTER_SET_CLIENT */;
/*!40101 SET CHARACTER_SET_RESULTS=@OLD_CHARACTER_SET_RESULTS */;
/*!40101 SET COLLATION_CONNECTION=@OLD_COLLATION_CONNECTION */;
